catalog_id,catalog_name,container_id,container_name,container.type_id,unit.id,unit.type_id,collection.id
8081,congress_ukraine_odessa_2004,2400,Odessa_Lesson-1_20-08-04,4,6109,11,2069
8081,congress_ukraine_odessa_2004,2401,Odessa_Lesson-2_20-08-04,4,6110,11,2069
8081,congress_ukraine_odessa_2004,2411,Odessa_Lesson-4_22-08-04,4,6114,11,2073
8081,congress_ukraine_odessa_2004,2412,Odessa_Lesson-3_20-08-04,4,6111,11,2070
8081,congress_ukraine_odessa_2004,2421,Odessa_Lesson-5_22-08-04,4,6115,11,2074
8081,congress_ukraine_odessa_2004,2423,Odessa_Pressconf_20-08-04,4,6112,11,2071
8110,congress_israel_haolami_2010-02,22144,spa-bb-hoveret_zohar-laam_le-kenes,4,15139,11,7092
8110,congress_israel_haolami_2010-02,22146,2010-02-22_xx_heb_rav_lesson_congress-2010_n1,4,13991,11,6547
8110,congress_israel_haolami_2010-02,22148,2010-02-22_xx_heb_rav_lesson_congress-2010_n2,4,13992,11,6547
8110,congress_israel_haolami_2010-02,22150,2010-02-22_xx_heb_rav_lesson_congress-2010_n3,4,13993,11,6548
8110,congress_israel_haolami_2010-02,22151,2010-02-22_heb_rav_congress-2010_pritzot,4,13994,11,6549
8110,congress_israel_haolami_2010-02,22152,2010-02-23_xx_heb_rav_lesson_congress-2010_n4,4,13995,11,6550
8110,congress_israel_haolami_2010-02,22156,2010-02-23_xx_heb_rav_lesson_congress-2010_n5,4,13996,11,6550
8110,congress_israel_haolami_2010-02,22157,2010-02-23_xx_heb_rav_lesson_congress-2010_n6,4,13997,11,6551
8110,congress_israel_haolami_2010-02,22159,2010-02-24_xx_heb_rav_lesson_congress-2010_n7,4,13999,11,6553
8110,congress_israel_haolami_2010-02,22162,2010-02-24_xx_heb_rav_lesson_congress-2010_n8,4,14000,11,6553
8110,congress_israel_haolami_2010-02,22163,2010-02-24_xx_heb_rav_lesson_congress-2010_n9,4,14001,11,6554
8110,congress_israel_haolami_2010-02,22165,2010-02-23_heb_rav_congress-2010_pritzot,4,13998,11,6552
8110,congress_israel_haolami_2010-02,22203,2010-02-09_rus_norav_promo_congress-2010_zohar_hol,4,13936,11,6526
4693,congress_ukraine_kharkov_2012,34695,2012-08-03_heb_rav_lesson_sheelot-kenes-harkov-vevaada-shvuit,4,18220,11,8458
4693,congress_ukraine_kharkov_2012,34784,2012-08-10_heb_rav_lesson_al-kenes-kharkov,4,18245,11,8464
4693,congress_ukraine_kharkov_2012,35027,2012-08-16_heb_rav_lesson_congress_n0,4,18274,11,8472
4693,congress_ukraine_kharkov_2012,35029,2012-08-17_heb_rav_lesson_congress_n1,4,18276,11,8473
4693,congress_ukraine_kharkov_2012,35031,2012-08-17_heb_rav_lesson_congress_n2,4,18277,11,8473
4693,congress_ukraine_kharkov_2012,35034,2012-08-17_heb_rav_lesson_congress_n3,4,18278,11,8474
4693,congress_ukraine_kharkov_2012,35036,2012-08-17_heb_rav_lesson_congress_n4,4,18279,11,8475
4693,congress_ukraine_kharkov_2012,35039,2012-08-17_heb_rav_lesson_congress_n5,4,18280,11,8476
4693,congress_ukraine_kharkov_2012,35044,2012-08-17_heb_rav_lesson_congress_n6,4,18281,11,8477
4693,congress_ukraine_kharkov_2012,35046,2012-08-17_heb_rav_lesson_congress_n7,4,18282,11,8478
8061,congress_bulgaria_2013,46215,2013-11-01_rav_lesson_congress_n1,4,20450,11,9442
8061,congress_bulgaria_2013,46217,2013-11-01_rav_lesson_congress_n2,4,20451,11,9442
8061,congress_bulgaria_2013,46219,2013-11-01_rav_lesson_congress_n3,4,20452,11,9443
8061,congress_bulgaria_2013,46220,2013-11-01_rav_lesson_congress_n4,4,20453,11,9444
8061,congress_bulgaria_2013,46235,2013-11-01_rav_lesson_congress_n5,4,20454,11,9445
8062,congress_bulgaria_2014,52040,2014-07-11_rav_lesson_congress_n1,4,21468,11,9725
8062,congress_bulgaria_2014,52041,2014-07-11_rav_lesson_congress_n2,4,21469,11,9725
8062,congress_bulgaria_2014,52042,2014-07-11_rav_lesson_congress_n3,4,21470,11,9725
8062,congress_bulgaria_2014,52045,2014-07-11_rav_lesson_congress_n4,4,21471,11,9725
8025,congress_mexico_2014,52473,2014-08-01_rav_lesson_congress_n1,4,21529,11,9740
8025,congress_mexico_2014,52476,2014-08-01_rav_lesson_congress_n2,4,21530,11,9740
8025,congress_mexico_2014,52477,2014-08-01_rav_lesson_congress_n3,4,21531,11,9740
8025,congress_mexico_2014,52480,2014-08-01_rav_lesson_congress_n4,4,21532,11,9740
8025,congress_mexico_2014,52501,2014-08-01_rav_lesson_congress_n5,4,21533,11,9740
8115,congress_israel_haolami_2016,62473,2016-02-21_rav_lesson_achana,4,23783,11,10184
8115,congress_israel_haolami_2016,62400,2016-02-17_rav_lesson_shiur-achana-le-kenes,4,23769,11,10180
8115,congress_israel_haolami_2016,62196,2016-02-05_rav_lesson_shiur-achana-le-kenes,4,23717,11,10171
8115,congress_israel_haolami_2016,62103,2016-01-31_rav_lesson_shiur-achana-le-kenes,4,23691,11,10166
8115,congress_israel_haolami_2016,62113,2016-02-01_rav_lesson_shiur-achana-le-kenes,4,23699,11,10167
8115,congress_israel_haolami_2016,62124,2016-02-02_rav_lesson_shiur-achana-le-kenes,4,23701,11,10168
8115,congress_israel_haolami_2016,62146,2016-02-03_rav_lesson_shiur-achana-la-kenes,4,23706,11,10169
8115,congress_israel_haolami_2016,62167,2016-02-04_rav_lesson_shiur-achana-le-kenes,4,23711,11,10170
8115,congress_israel_haolami_2016,62078,2016-01-29_rav_lesson_shiur-achana-le-kenes,4,23685,11,10165
8115,congress_israel_haolami_2016,62220,2016-02-07_rav_lesson_shiur-achana-le-kenes,4,23734,11,10172
8115,congress_israel_haolami_2016,62238,2016-02-08_rav_lesson_shiur-achana-le-kenes,4,23739,11,10173
8115,congress_israel_haolami_2016,62040,2016-01-28_rav_lesson_shiur-achana-le-kenes,4,23673,11,10164
8115,congress_israel_haolami_2016,62303,2016-02-12_rav_lesson_shiur-achana-le-kenes,4,23919,11,10215
8115,congress_israel_haolami_2016,62323,2016-02-14_rav_lesson_shiur-achana-le-kenes,4,23759,11,10178
8115,congress_israel_haolami_2016,62342,2016-02-15_rav_lesson_shiur-achana-le-kenes,4,23757,11,10177
8115,congress_israel_haolami_2016,62369,2016-02-16_rav_lesson_shiur-achana-le-kenes,4,23764,11,10179
8115,congress_israel_haolami_2016,62020,2016-01-27_rav_lesson_achana-la-kenes,4,23669,11,10163
8115,congress_israel_haolami_2016,62504,2016-02-22_rav_lesson_congress_n0,4,23800,11,10187
8115,congress_israel_haolami_2016,62444,2016-02-19_rav_lesson_shiur-achana-le-kenes,4,23778,11,10183
8115,congress_israel_haolami_2016,62277,2016-02-10_rav_lesson_shiur-achana-le-kenes,4,23746,11,10175
8115,congress_israel_haolami_2016,62474,2016-02-21_rav_lesson_rb-dargot-sulam-024-ikar-ma-haser,4,23784,11,10184
8115,congress_israel_haolami_2016,62475,2016-02-21_rav_lesson_rb-igeret-40,4,23785,11,10184
8115,congress_israel_haolami_2016,61915,2016-01-21_rav_lesson_sheelot-achana-le-kenes,4,23641,11,10158
8115,congress_israel_haolami_2016,62466,2016-02-19_rav_lesson_sadnat-achana-lekenes,4,23777,11,10183
8115,congress_israel_haolami_2016,62507,2016-02-23_rav_lesson_congress_n1,4,23794,11,10187
8115,congress_israel_haolami_2016,62468,2016-02-19_rav_lesson_rb-1989-15-tzadikim-nikarim,4,23781,11,10183
8115,congress_israel_haolami_2016,62485,2016-02-21_rav_lesson_sheelot-mikli-olami,4,23786,11,10184
8115,congress_israel_haolami_2016,62442,2016-02-18_rav_lesson_sheelot-mikli-olami,4,23776,11,10182
8115,congress_israel_haolami_2016,62305,2016-02-12_rav_lesson_shminiot-ba-kenes,4,23923,11,10215
8115,congress_israel_haolami_2016,62469,2016-02-19_rav_lesson_rb-1990-13-ihud-ashem,4,23779,11,10183
8115,congress_israel_haolami_2016,62471,2016-02-19_rav_lesson_bs-shamati-004-sibat-kvedut,4,23780,11,10183
8115,congress_israel_haolami_2016,62509,2016-02-23_rav_lesson_congress_n2,4,23795,11,10187
8115,congress_israel_haolami_2016,62511,2016-02-23_rav_lesson_congress_n3,4,23798,11,10187
8115,congress_israel_haolami_2016,62515,2016-02-24_rav_lesson_congress_n4,4,23797,11,10187
8115,congress_israel_haolami_2016,62101,2016-01-29_rav_lesson_sheelot-al-congress,4,23686,11,10165
8115,congress_israel_haolami_2016,62517,2016-02-24_rav_lesson_congress_n5,4,23796,11,10187
8115,congress_israel_haolami_2016,62100,2016-01-29_rav_lesson_diyun-al-asiriot-be-kenes,4,23679,11,10165
8115,congress_israel_haolami_2016,61736,2016-01-08_rav_lesson_sheelot-al-kenes,4,23577,11,10146
8115,congress_israel_haolami_2016,62518,2016-02-24_rav_lesson_congress_n6,4,23801,11,10187
8115,congress_israel_haolami_2016,62520,2016-02-25_rav_lesson_congress_n7,4,23793,11,10187
8115,congress_israel_haolami_2016,62522,2016-02-25_rav_lesson_congress_n8,4,23799,11,10187
8052,congress_canada_2005,3298,Al_Congress_Toronto_07-01-05,4,6530,11,2390
8052,congress_canada_2005,3303,Kongress_Toronto_09-01-05,4,6533,11,2392
8052,congress_canada_2005,3304,Kongress_Toronto_Seuda_09-01-05,4,6534,11,2392
8052,congress_canada_2005,3306,Yeshivat_Haverim_09-01-05,4,6535,11,2393
8052,congress_canada_2005,3321,Kongress_Toronto_Hitrashmuyot_11-01-05,4,6543,11,2399
8052,congress_canada_2005,3328,Kongress_Toronto_07-01-05,4,6531,11,2390
8052,congress_canada_2005,3329,Congress_Toronto_06-01-05,4,6528,11,2389
8052,congress_canada_2005,3338,Kongress_Toronto_lesson-3_09-01-05,4,6536,11,2394
8052,congress_canada_2005,3339,Kongress_Toronto-sicha_07-01-05,4,6532,11,2391
8052,congress_canada_2005,3508,Kongress_Toronto_Women_09-01-05,4,6537,11,2395
8144,congress_israel_haolami_2010-07,24083,2010-07-23_kitvey-rb-1984-01-1-matarat-hevra-1_heb_rav_lesson_congress_n1,4,14776,11,6948
8144,congress_israel_haolami_2010-07,24086,2010-07-24_xx_heb_rav_lesson_congress_n3,4,14779,11,6950
8144,congress_israel_haolami_2010-07,24095,2010-07-23_kitvey-rb-1985-01-asa-lecha-rav_heb_rav_lesson_congress_n2,4,14778,11,6949
8144,congress_israel_haolami_2010-07,24096,2010-07-25_xx_heb_rav_lesson_congress_n4,4,14780,11,6951
8144,congress_israel_haolami_2010-07,24098,2010-07-25_xx_heb_rav_lesson_congress_n5,4,14781,11,6951
8051,congress_lithuania_2014,31905,2012-03-23_heb_rav_lesson_congress_n1,4,17545,11,8137
8051,congress_lithuania_2014,31906,2012-03-23_heb_rav_lesson_congress_n2,4,17546,11,8137
8051,congress_lithuania_2014,31907,2012-03-24_heb_rav_lesson_congress_n3,4,17547,11,8138
8051,congress_lithuania_2014,31909,2012-03-24_heb_rav_lesson_congress_n4,4,17548,11,8138
8051,congress_lithuania_2014,31915,2012-03-25_heb_rav_lesson_congress_n5,4,17549,11,8139
8051,congress_lithuania_2014,31931,2012-03-26_heb_rav_lesson_sheelot-al-kenes,4,17553,11,8140
4723,congress_russia_novosibirsk_2012,37739,2012-12-07_heb_rav_lesson_congress_n1,4,18791,11,8656
4723,congress_russia_novosibirsk_2012,37741,2012-12-07_heb_rav_lesson_congress_n2,4,18792,11,8656
4723,congress_russia_novosibirsk_2012,37743,2012-12-07_heb_rav_lesson_congress_n3,4,18793,11,8657
4723,congress_russia_novosibirsk_2012,37745,2012-12-07_heb_rav_lesson_congress_n4,4,18794,11,8658
4723,congress_russia_novosibirsk_2012,37750,2012-12-07_heb_rav_lesson_congress_n5,4,18795,11,8659
4723,congress_russia_novosibirsk_2012,37753,2012-12-07_heb_rav_lesson_congress_n6,4,18796,11,8660
4723,congress_russia_novosibirsk_2012,37754,2012-12-07_heb_rav_lesson_congress_n7,4,18797,11,8661
8097,congress_usa_new-jersey_2014,52574,2014-08-08_rav_lesson_congress_n0,4,21542,11,9745
8097,congress_usa_new-jersey_2014,52118,2014-07-18_rav_lesson_achana-kenes-usa,4,21488,11,9730
8097,congress_usa_new-jersey_2014,52577,2014-08-08_rav_lesson_congress_n0-2,4,21540,11,9745
8097,congress_usa_new-jersey_2014,52578,2014-08-08_rav_lesson_congress_n1,4,21541,11,9745
8097,congress_usa_new-jersey_2014,52579,2014-08-08_rav_lesson_congress_n2,4,21543,11,9745
8097,congress_usa_new-jersey_2014,52582,2014-08-08_rav_lesson_congress_n3,4,21544,11,9745
8097,congress_usa_new-jersey_2014,52584,2014-08-08_rav_lesson_congress_n4,4,21545,11,9745
8097,congress_usa_new-jersey_2014,52590,2014-08-10_rav_lesson_congress_n5,4,21546,11,9745
8097,congress_usa_new-jersey_2014,52593,2014-08-10_rav_lesson_congress_n6,4,21547,11,9745
8099,congress_usa_new-jersey_2016,63759,2016-05-19_rav_lesson_congress_n01,4,24165,11,10261
8099,congress_usa_new-jersey_2016,63815,2016-05-23_rav_lesson_rb-dargot-sulam-024-ikar-ma-haser,4,24144,11,10254
8099,congress_usa_new-jersey_2016,63403,2016-04-21_rav_lesson_rb-1984-04-ish-et-reehu,4,24025,11,10233
8099,congress_usa_new-jersey_2016,63902,2016-05-26_rav_lesson_bs-shamati-211-ke-omed,4,24148,11,10257
8099,congress_usa_new-jersey_2016,63688,2016-05-13_rav_lesson_achana-le-kenes,4,24127,11,10250
8099,congress_usa_new-jersey_2016,63702,2016-05-15_rav_lesson_achana-le-kenes_4,4,24135,11,10251
8099,congress_usa_new-jersey_2016,63721,2016-05-16_rav_lesson_achana-le-kenes_5,4,24139,11,10252
8099,congress_usa_new-jersey_2016,63741,2016-05-18_rav_lesson_shiur-achana-le-kenes_6,4,24146,11,10255
8099,congress_usa_new-jersey_2016,63742,2016-05-18_rav_lesson_shiur-achana-le-kenes_7,4,24145,11,10255
8099,congress_usa_new-jersey_2016,63768,2016-05-20_rav_lesson_congress_n02,4,24168,11,10261
8099,congress_usa_new-jersey_2016,63772,2016-05-20_rav_lesson_congress_n1,4,24169,11,10261
8099,congress_usa_new-jersey_2016,63692,2016-05-13_rav_lesson_achana-le-kenes_1,4,24130,11,10250
8099,congress_usa_new-jersey_2016,63774,2016-05-20_rav_lesson_congress_n2,4,24173,11,10261
8099,congress_usa_new-jersey_2016,63697,2016-05-13_rav_lesson_achana-le-kenes_3,4,24126,11,10250
8099,congress_usa_new-jersey_2016,63776,2016-05-20_rav_lesson_congress_n3,4,24166,11,10261
8099,congress_usa_new-jersey_2016,63698,2016-05-13_rav_lesson_achana-le-kenes_4,4,24124,11,10250
8099,congress_usa_new-jersey_2016,63699,2016-05-13_rav_lesson_sheelot-al-kenes-amerika,4,24122,11,10250
8099,congress_usa_new-jersey_2016,63780,2016-05-20_rav_lesson_congress_n4,4,24172,11,10261
8099,congress_usa_new-jersey_2016,63782,2016-05-20_rav_lesson_congress_n5,4,24170,11,10261
8099,congress_usa_new-jersey_2016,63783,2016-05-20_rav_lesson_congress_n6,4,24167,11,10261
8099,congress_usa_new-jersey_2016,63814,2016-05-20_rav_lesson_congress_n7,4,24171,11,10261
8048,congress_czech_2016,65434,2016-09-05_rav_lesson_achana-le-kenes-3,4,24569,11,10342
8048,congress_czech_2016,65367,2016-09-01_rav_lesson_achana-le-kenes-shiur-1,4,24550,11,10339
8048,congress_czech_2016,65406,2016-09-02_rav_lesson_achana-le-kenes-shiur-2,4,24559,11,10340
8048,congress_czech_2016,65426,2016-09-04_rav_lesson_achana-le-kenes-2,4,24566,11,10341
8048,congress_czech_2016,65450,2016-09-07_rav_lesson_achana-le-kenes-5,4,24573,11,10344
8048,congress_czech_2016,65480,2016-09-09_rav_lesson_congress_n0,4,24590,11,10349
8048,congress_czech_2016,65482,2016-09-09_rav_lesson_congress_n1,4,24589,11,10349
8048,congress_czech_2016,65419,2016-09-02_rav_lesson_achana-le-kenes,4,24563,11,10340
8048,congress_czech_2016,65487,2016-09-09_rav_lesson_congress_n2,4,24596,11,10349
8048,congress_czech_2016,65421,2016-09-02_rav_lesson_achana-le-kenes-1,4,24562,11,10340
8048,congress_czech_2016,64999,2016-08-05_rav_lesson_sheelot-al-hakenes,4,24417,11,10315
8048,congress_czech_2016,65495,2016-09-09_rav_lesson_congress_n3,4,24598,11,10349
8048,congress_czech_2016,65499,2016-09-09_rav_lesson_congress_n4,4,24591,11,10349
8048,congress_czech_2016,65502,2016-09-09_rav_lesson_congress_n5,4,24597,11,10349
8036,congress_austria_2005,6511,2005-12-09_xx_heb_rav_shiur_viena_congress_shiur-2,4,7702,11,3325
8036,congress_austria_2005,6517,2005-12-11_rb_shamati-003_heb_rav_shiur_viena_congress_shiur-3,4,7706,11,3328
8036,congress_austria_2005,6519,2005-12-09_xx_heb_rav_shiur_viena_congress_shiur-1,4,7703,11,3326
8036,congress_austria_2005,6520,2005-12-11_xx_heb_rav_shiur_viena_congress_shiur-4,4,7707,11,3329
8036,congress_austria_2005,6565,2005-12-11_xx_heb_rav_sicha_viena_congress_nashim,4,7708,11,3330
8089,congress_usa_new-york_2008-11,16289,2008-11-11_bs-ashalom_heb_rav_shiur_ny-2,4,11864,11,5612
8089,congress_usa_new-york_2008-11,16300,2008-11-10_heb_rav_shiur_ny_1,4,11862,11,5611
8089,congress_usa_new-york_2008-11,16301,2008-11-11_bs-ashalom_heb_rav_shiur_ny-3,4,11865,11,5612
8109,congress_israel_haolami_2009-02,16883,2009-01-05_heb_norav_promo-bb_congress-2009,4,12140,11,5736
8109,congress_israel_haolami_2009-02,17184,2009-01-31_xx_heb_rav_sicha_bb_lifnei-congress,4,12270,11,5797
8109,congress_israel_haolami_2009-02,17195,2009-02-02_xx_heb_norav_achana_ta_congress,4,12273,11,5800
8109,congress_israel_haolami_2009-02,17196,2009-02-02_xx_heb_rav_shiur_ta_congress-lesson-1,4,12274,11,5800
8109,congress_israel_haolami_2009-02,17197,2009-02-02_xx_heb_norav_seuda_ta_congress-zohoraim,4,12275,11,5801
8109,congress_israel_haolami_2009-02,17198,2009-02-02_xx_mlt_norav_yhaverim_ta_congress,4,12276,11,5802
8109,congress_israel_haolami_2009-02,17199,2009-02-02_xx_heb_rav_shiur_ta_congress-lesson-2,4,12277,11,5803
8109,congress_israel_haolami_2009-02,17200,2009-02-02_xx_heb_norav_seuda_ta_congress-erev,4,12278,11,5804
8109,congress_israel_haolami_2009-02,17202,2009-02-02_xx_heb_rav_sicha_ta_congress-lesson-3,4,12280,11,5806
8109,congress_israel_haolami_2009-02,17205,2009-02-03_xx_heb_rav_shiur_ta_congress-lesson-4,4,12283,11,5808
8109,congress_israel_haolami_2009-02,17207,2009-02-03_xx_heb_norav_sadna_ta_congress-yarid-afatza,4,12284,11,5809
8109,congress_israel_haolami_2009-02,17208,2009-02-03_xx_heb_norav_seuda_ta_congress-zohoraim,4,12285,11,5810
8109,congress_israel_haolami_2009-02,17211,2009-02-03_xx_heb_rav_sadna_ta_congress-atzagat-sfarim,4,12287,11,5812
8109,congress_israel_haolami_2009-02,17212,2009-02-03_xx_mlt_norav_yhaverim_ta_congress,4,12288,11,5813
8109,congress_israel_haolami_2009-02,17213,2009-02-03_xx_heb_norav_seuda_ta_congress-erev,4,12289,11,5814
8109,congress_israel_haolami_2009-02,17215,2009-02-04_xx_heb_rav_shiur_ta_congress-lesson-5,4,12290,11,5815
8109,congress_israel_haolami_2009-02,17216,2009-02-04_xx_heb_rav_sadna_ta_congress-medinat-a-kabbalah,4,12291,11,5815
8109,congress_israel_haolami_2009-02,17217,2009-02-04_xx_heb_norav_seuda_ta_congress-zohoraim,4,12292,11,5816
8109,congress_israel_haolami_2009-02,17218,2009-02-04_xx_mlt_norav_yhaverim_ta_congress,4,12293,11,5817
8109,congress_israel_haolami_2009-02,17219,2009-02-04_xx_heb_rav_achana_ta_im-yeladim-congress-lesson-6,4,12294,11,5818
8109,congress_israel_haolami_2009-02,17220,2009-02-04_xx_heb_rav_shiur_ta_congress-lesson-6,4,12295,11,5819
8109,congress_israel_haolami_2009-02,17221,2009-02-04_xx_heb_norav_seuda_ta_congress-erev,4,12296,11,5820
8035,congress_italy_2010,21812,2010-01-22_xx_heb_rav_lesson_rome_megacongress-lesson-1,4,13851,11,6483
8035,congress_italy_2010,21813,2010-01-22_xx_heb_rav_lesson_rome_megacongress-lesson-2,4,13852,11,6483
8035,congress_italy_2010,21816,2010-01-23_xx_heb_rav_lesson_rome_megacongress-lesson-3,4,13855,11,6486
8035,congress_italy_2010,21817,2010-01-24_xx_heb_rav_lesson_rome_megacongress-lesson-4,4,13856,11,6487
8035,congress_italy_2010,21827,2010-01-22_xx_heb_rav_misc_rome_conversation-before-megacongress,4,13853,11,6484
8008,congress_russia_moscow_2011-06,28329,2011-06-10_rus_rav_lesson_congress_n1,4,16177,11,7500
8008,congress_russia_moscow_2011-06,28333,2011-06-10_rus_rav_lesson_congress_n2,4,16179,11,7501
8008,congress_russia_moscow_2011-06,28335,2011-06-11_rus_rav_lesson_congress_n3,4,16182,11,7504
8008,congress_russia_moscow_2011-06,28336,2011-06-11_rus_rav_lesson_congress_n4,4,16183,11,7504
8008,congress_russia_moscow_2011-06,28337,2011-06-11_rus_rav_lesson_congress_n5,4,16184,11,7505
8008,congress_russia_moscow_2011-06,28339,2011-06-12_rus_rav_lesson_congress_n6,4,16188,11,7509
8008,congress_russia_moscow_2011-06,28340,2011-06-12_rus_rav_lesson_congress_n7,4,16189,11,7509
8028,congress_brasil_2012,32140,2012-04-09_heb_rav_lesson_sheelot-kenes-brazil,4,17618,11,8164
8028,congress_brasil_2012,32610,2012-05-03_heb_rav_lesson_rb-shamati-008-evdel-bein-tzel,4,17715,11,8202
8028,congress_brasil_2012,32636,2012-05-04_heb_rav_lesson_congress_n1,4,17717,11,8203
8028,congress_brasil_2012,32638,2012-05-05_heb_rav_lesson_congress_n2,4,17719,11,8204
8028,congress_brasil_2012,32640,2012-05-05_heb_rav_lesson_congress_n3,4,17718,11,8204
8028,congress_brasil_2012,32643,2012-05-05_heb_rav_lesson_congress_n4,4,17720,11,8205
8028,congress_brasil_2012,32651,2012-05-06_heb_rav_lesson_congress_n5,4,17721,11,8206
8072,congress_russia_moscow_2013,47068,2013-12-13_rav_lesson_congress_n1,4,20612,11,9491
8072,congress_russia_moscow_2013,47069,2013-12-13_rav_lesson_congress_n2,4,20617,11,9492
8072,congress_russia_moscow_2013,47070,2013-12-13_norav_lesson_congress_n3,4,20618,11,9493
8072,congress_russia_moscow_2013,47073,2013-12-13_rav_lesson_congress_n4,4,20619,11,9494
8072,congress_russia_moscow_2013,47078,2013-12-13_rav_lesson_congress_n5,4,20620,11,9495
6954,congress_usa_los-angeles_2014,53836,2014-10-30_rav_lesson_meser-mi-rav,4,21855,11,9806
6954,congress_usa_los-angeles_2014,53865,2014-11-05_rav_lesson_siha-im-rav,4,21865,11,9809
6954,congress_usa_los-angeles_2014,53842,2014-10-31_rav_lesson_congress_n0,4,21858,11,9807
6954,congress_usa_los-angeles_2014,53824,2014-10-29_rav_lesson_achana-le-kenes,4,21851,11,9805
6954,congress_usa_los-angeles_2014,53844,2014-10-31_rav_lesson_congress_n1,4,21861,11,9807
6954,congress_usa_los-angeles_2014,53939,2014-11-11_rav_lesson_bs-aravut,4,21874,11,9814
6954,congress_usa_los-angeles_2014,53847,2014-10-31_rav_lesson_congress_n2,4,21862,11,9807
6954,congress_usa_los-angeles_2014,53848,2014-10-31_rav_lesson_congress_n3,4,21856,11,9807
6954,congress_usa_los-angeles_2014,53849,2014-10-31_rav_lesson_congress_n4,4,21859,11,9807
6954,congress_usa_los-angeles_2014,53851,2014-10-31_rav_lesson_congress_n5,4,21857,11,9807
6954,congress_usa_los-angeles_2014,53855,2014-10-31_rav_lesson_congress_n6,4,21863,11,9807
8078,congress_ukraine_odessa_2015,59853,2015-10-08_rav_lesson_shiur-achana-kenes-odessa,4,23172,11,10072
8078,congress_ukraine_odessa_2015,59983,2015-10-16_rav_lesson_congress_n1,4,23196,11,10078
8078,congress_ukraine_odessa_2015,59982,2015-10-15_rav_lesson_congress_n0,4,23193,11,10077
8078,congress_ukraine_odessa_2015,59986,2015-10-16_rav_lesson_congress_n2,4,23197,11,10078
8078,congress_ukraine_odessa_2015,59987,2015-10-16_rav_lesson_congress_n3,4,23200,11,10078
8078,congress_ukraine_odessa_2015,59990,2015-10-16_rav_lesson_congress_n4,4,23195,11,10078
8078,congress_ukraine_odessa_2015,59892,2015-10-09_rav_lesson_sheelot-al-odessa,4,23164,11,10071
8078,congress_ukraine_odessa_2015,59995,2015-10-16_rav_lesson_congress_n5,4,23198,11,10078
8078,congress_ukraine_odessa_2015,59996,2015-10-16_rav_lesson_congress_n6,4,23199,11,10078
8078,congress_ukraine_odessa_2015,59997,2015-10-16_rav_lesson_congress_n7,4,23194,11,10078
8010,congress_ukraine_kiev_2017,68357,2017-03-23_rav_lesson_achana-le-kenes,4,25365,11,10486
8010,congress_ukraine_kiev_2017,68236,2017-03-14_rav_lesson_achana-le-kenes_1,4,25320,11,10478
8010,congress_ukraine_kiev_2017,68361,2017-03-23_rav_lesson_congress_n0,4,25359,11,10487
8010,congress_ukraine_kiev_2017,68259,2017-03-15_rav_lesson_achana-le-kenes,4,25325,11,10480
8010,congress_ukraine_kiev_2017,68199,2017-03-13_rav_lesson_achana-le-kenes_1,4,25319,11,10477
8010,congress_ukraine_kiev_2017,68273,2017-03-16_rav_lesson_achana-le-kenes_1,4,25330,11,10479
8010,congress_ukraine_kiev_2017,68349,2017-03-22_rav_lesson_achana-le-kenes,4,25356,11,10485
8010,congress_ukraine_kiev_2017,68292,2017-03-17_rav_lesson_achana-le-kenes,4,25338,11,10481
8010,congress_ukraine_kiev_2017,68337,2017-03-21_rav_lesson_achana-le-kenes_1,4,25355,11,10484
8010,congress_ukraine_kiev_2017,68325,2017-03-20_rav_lesson_achana-le-kenes_1,4,25337,11,10482
8010,congress_ukraine_kiev_2017,68310,2017-03-19_rav_lesson_achana-le-kenes,4,25346,11,10483
8010,congress_ukraine_kiev_2017,68363,2017-03-24_rav_lesson_congress_n1,4,25362,11,10487
8010,congress_ukraine_kiev_2017,68237,2017-03-14_rav_lesson_achana-le-kenes_2,4,25318,11,10478
8010,congress_ukraine_kiev_2017,68326,2017-03-20_rav_lesson_achana-le-kenes_2,4,25342,11,10482
8010,congress_ukraine_kiev_2017,68338,2017-03-21_rav_lesson_achana-le-kenes_2,4,25349,11,10484
8010,congress_ukraine_kiev_2017,68274,2017-03-16_rav_lesson_achana-le-kenes_2,4,25324,11,10479
8010,congress_ukraine_kiev_2017,68203,2017-03-13_rav_lesson_achana-le-kenes_2,4,25322,11,10477
8010,congress_ukraine_kiev_2017,68293,2017-03-17_rav_lesson_achana-le-kenes_2,4,25348,11,10481
8010,congress_ukraine_kiev_2017,68365,2017-03-24_rav_lesson_congress_n2,4,25366,11,10487
8010,congress_ukraine_kiev_2017,68261,2017-03-15_rav_lesson_achana-le-kenes_2,4,25334,11,10480
8010,congress_ukraine_kiev_2017,68369,2017-03-24_rav_lesson_congress_n3,4,25370,11,10487
8010,congress_ukraine_kiev_2017,68402,2017-03-24_rav_lesson_congress_n4,4,25375,11,10487
8010,congress_ukraine_kiev_2017,68298,2017-03-17_rav_lesson_achana-le-kenes_3,4,25372,11,10481
8010,congress_ukraine_kiev_2017,68187,2017-03-10_rav_lesson_sheelot-ve-tshuvot,4,25306,11,10475
8010,congress_ukraine_kiev_2017,68299,2017-03-17_rav_lesson_achana-le-kenes_4,4,25374,11,10481
8010,congress_ukraine_kiev_2017,68432,2017-03-24_rav_lesson_congress_n5,4,25377,11,10487
8010,congress_ukraine_kiev_2017,68433,2017-03-24_rav_lesson_congress_n6,4,25373,11,10487
8010,congress_ukraine_kiev_2017,68436,2017-03-24_rav_lesson_congress_n7,4,25953,11,10745
8010,congress_ukraine_kiev_2017,68303,2017-03-17_rav_lesson_achana-le-kenes_5,4,25376,11,10481
8050,congress_argentina_2009,19933,2009-08-28_xx_heb_rav_lesson_argentina_congress-lesson-1,4,13138,11,6137
8050,congress_argentina_2009,19934,2009-08-28_xx_mlt_norav_misc_argentina_congress-yeshivat-haverim-1,4,13139,11,6138
8050,congress_argentina_2009,19936,2009-08-28_xx_heb_rav_lesson_argentina_congress-lesson-2,4,13140,11,6139
8050,congress_argentina_2009,19937,2009-08-28_xx_mlt_rav_misc_argentina_congress-openning-ceremony,4,13141,11,6140
8050,congress_argentina_2009,19938,2009-08-30_xx_mlt_norav_misc_argentina_congress-yeshivat-haverim-2,4,13143,11,6142
8050,congress_argentina_2009,19939,2009-08-30_xx_heb_rav_lesson_argentina_congress-lesson-3,4,13144,11,6142
8050,congress_argentina_2009,19951,2009-08-30_xx_heb_rav_lesson_argentina_congress-lesson-4,4,13145,11,6143
8050,congress_argentina_2009,21521,2009-12-20_heb_rav_film_hohmat-kabbalah-besafa-sfaradit_congress-argentina-2009,4,13682,11,6389
8032,congress_italy_2014,54116,2014-11-20_norav_lesson_sadna,4,21913,11,9822
8032,congress_italy_2014,54166,2014-11-20_rav_lesson_congress_n0,4,21919,11,9824
8032,congress_italy_2014,54169,2014-11-21_rav_lesson_congress_n0-2,4,21923,11,9824
8032,congress_italy_2014,54168,2014-11-21_rav_lesson_congress_n1,4,21924,11,9824
8032,congress_italy_2014,54171,2014-11-21_rav_lesson_congress_n2,4,21918,11,9824
8032,congress_italy_2014,54173,2014-11-21_rav_lesson_congress_n3,4,21921,11,9824
8032,congress_italy_2014,54175,2014-11-21_rav_lesson_congress_n4,4,21922,11,9824
8032,congress_italy_2014,54176,2014-11-21_rav_lesson_congress_n5,4,21925,11,9824
8032,congress_italy_2014,54182,2014-11-21_rav_lesson_congress_n6,4,21920,11,9824
8088,congress_usa_new-york_2008-06,14624,2008-05-30_xx_heb_rav_shiur_ny_congress-lesson-1,4,11096,11,5272
8088,congress_usa_new-york_2008-06,14625,2008-05-30_xx_heb_rav_shiur_ny_congress-lesson-2,4,11097,11,5272
8088,congress_usa_new-york_2008-06,14626,2008-06-01_xx_rus_rav_shiur_ny_congress-shiur-nashim,4,11099,11,5274
8088,congress_usa_new-york_2008-06,14627,2008-05-30_xx_eng_norav_yhaverim_ny_congress-yhaverim-1,4,11098,11,5273
8088,congress_usa_new-york_2008-06,14632,2008-06-01_xx_eng_norav_yhaverim_ny_congress-yhaverim-2,4,11100,11,5274
8088,congress_usa_new-york_2008-06,14633,2008-06-01_xx_heb_rav_atzaga_ny_congress-closing,4,11101,11,5275
8088,congress_usa_new-york_2008-06,14638,2008-06-01_xx_heb_rav_shiur_ny_congress-lesson-3,4,11102,11,5276
8088,congress_usa_new-york_2008-06,14646,2008-06-01_xx_heb_rav_shiur_ny_congress-lesson-4,4,11103,11,5277
8079,congress_ukraine_odessa_2008,15707,2008-09-12_xx_rus_rav_shiur_odessa_congress-lesson-1,4,11615,11,5501
8079,congress_ukraine_odessa_2008,15708,2008-09-12_xx_rus_rav_atzaga_odessa_congress-opening,4,11616,11,5501
8079,congress_ukraine_odessa_2008,15709,2008-09-12_xx_rus_rav_shiur_odessa_congress-lesson-2,4,11617,11,5502
8079,congress_ukraine_odessa_2008,15710,2008-09-12_xx_rus_rav_shiur_odessa_congress-lesson-3,4,11618,11,5503
8079,congress_ukraine_odessa_2008,15716,2008-09-14_xx_rus_rav_shiur_odessa_congress-lesson-5,4,11619,11,5504
8079,congress_ukraine_odessa_2008,15762,2008-09-14_xx_rus_rav_shiur_odessa_congress-lesson-4,4,11620,11,5504
8079,congress_ukraine_odessa_2008,15800,2008-09-19_heb_rav_lesson_sikum-a-kongress-odessa,4,11644,11,5511
4546,congress_usa_new-york_2010,22978,2010-05-07_xx_heb_rav_lesson_ny_congress_n1,4,14358,11,6741
4546,congress_usa_new-york_2010,22984,2010-05-07_xx_heb_rav_lesson_ny_congress_n2,4,14360,11,6742
4546,congress_usa_new-york_2010,22985,2010-05-07_xx_heb_rav_lesson_ny_congress_n3,4,14361,11,6743
4546,congress_usa_new-york_2010,22986,2010-05-07_xx_heb_rav_lesson_ny_congress_n4,4,14362,11,6744
4546,congress_usa_new-york_2010,22990,2010-05-08_xx_heb_rav_lesson_ny_congress_n5,4,14363,11,6745
4546,congress_usa_new-york_2010,22993,2010-05-09_xx_heb_rav_lesson_ny_congress_n6,4,14366,11,6746
4546,congress_usa_new-york_2010,22994,2010-05-09_xx_heb_rav_lesson_ny_congress_n7,4,14365,11,6746
4546,congress_usa_new-york_2010,22995,2010-05-09_xx_eng_norav_misc_ny_congress-erev-tarbut_n2,4,14367,11,6747
4546,congress_usa_new-york_2010,22998,2010-05-09_xx_heb_rav_lesson_ny_congress_n8,4,14369,11,6749
4546,congress_usa_new-york_2010,23000,2010-05-09_xx_heb_rav_lesson_ny_congress_n9,4,14370,11,6750
4546,congress_usa_new-york_2010,23006,2010-05-11_xx_heb_rav_lesson_toronto_sicha,4,14374,11,6753
8111,congress_israel_haolami_2010-11,25486,2010-11-09_heb_rav_lesson_congress_n1,4,15233,11,7127
8111,congress_israel_haolami_2010-11,25489,2010-11-09_heb_rav_lesson_congress_n2,4,15234,11,7127
8111,congress_israel_haolami_2010-11,25490,2010-11-09_heb_rav_lesson_congress_n3,4,15235,11,7128
8111,congress_israel_haolami_2010-11,25492,2010-11-10_heb_rav_lesson_congress_n4,4,15237,11,7130
8111,congress_israel_haolami_2010-11,25496,2010-11-10_heb_rav_lesson_congress_n5,4,15238,11,7130
8111,congress_israel_haolami_2010-11,25497,2010-11-10_heb_rav_lesson_congress_n6,4,15239,11,7131
8111,congress_israel_haolami_2010-11,25499,2010-11-11_heb_rav_lesson_congress_n7,4,15240,11,7132
8111,congress_israel_haolami_2010-11,25502,2010-11-11_heb_rav_lesson_congress_n8,4,15241,11,7132
8055,congress_canada_2014,52513,2014-08-05_rav_lesson_congress_n1,4,21536,11,9742
8055,congress_canada_2014,52521,2014-08-05_rav_lesson_congress_n2,4,21537,11,9742
8076,congress_russia_petersburg_2014,53560,2014-06-10_rav_lesson_congress_n2-2,4,21354,11,9700
8076,congress_russia_petersburg_2014,53276,2014-09-18_rav_lesson_congress_n0,4,21713,11,9779
8076,congress_russia_petersburg_2014,53112,2014-09-09_rav_lesson_rb-1986-29-lishma,4,21682,11,9771
8076,congress_russia_petersburg_2014,53126,2014-09-10_rav_lesson_bs-igeret-05-1921-pg-011,4,21683,11,9772
8076,congress_russia_petersburg_2014,53185,2014-09-12_rav_lesson_achana-le-kenes-piter,4,21692,11,9774
8076,congress_russia_petersburg_2014,53211,2014-09-15_rav_lesson_achana-le-kenes-piter,4,21701,11,9776
8076,congress_russia_petersburg_2014,53228,2014-09-16_rav_lesson_achana-le-kenes-piter,4,21705,11,9777
8076,congress_russia_petersburg_2014,53285,2014-09-18_rav_lesson_congress_n0-2,4,21714,11,9779
8076,congress_russia_petersburg_2014,53093,2014-09-08_rav_lesson_hachana-lekenes-piter,4,21674,11,9770
8076,congress_russia_petersburg_2014,53193,2014-09-14_rav_lesson_achana-le-kenes-piter,4,21699,11,9775
8076,congress_russia_petersburg_2014,53251,2014-09-17_rav_lesson_achana-le-kenes-piter,4,21711,11,9778
8076,congress_russia_petersburg_2014,53150,2014-09-11_rav_lesson_achana-kenes-piter,4,21691,11,9773
8076,congress_russia_petersburg_2014,53157,2014-09-05_rav_lesson_achana-kenes,4,21664,11,9768
8098,congress_usa_new-jersey_2015,58394,2015-07-15_rav_lesson_achana-le-kensim,4,22792,11,10008
8098,congress_usa_new-jersey_2015,58303,2015-07-10_rav_lesson_achana-le-knasim,4,22777,11,10004
8098,congress_usa_new-jersey_2015,58329,2015-07-12_rav_lesson_achana-le-knasim,4,22782,11,10005
8098,congress_usa_new-jersey_2015,58357,2015-07-13_rav_lesson_achana-le-knasim,4,22786,11,10006
8098,congress_usa_new-jersey_2015,58379,2015-07-14_rav_lesson_achana-le-knasim,4,22788,11,10007
8098,congress_usa_new-jersey_2015,58148,2015-07-03_rav_lesson_achana-le-knasim,4,22743,11,9998
8098,congress_usa_new-jersey_2015,58150,2015-07-03_rav_lesson_achana-le-knasim-shiur-1,4,22744,11,9998
8098,congress_usa_new-jersey_2015,58480,2015-07-24_rav_lesson_congress_n0,4,22805,11,10013
8098,congress_usa_new-jersey_2015,58351,2015-07-12_rav_lesson_achana-le-knasim-2,4,22784,11,10005
8098,congress_usa_new-jersey_2015,58482,2015-07-24_rav_lesson_congress_n1,4,22808,11,10013
8098,congress_usa_new-jersey_2015,58484,2015-07-24_rav_lesson_congress_n2,4,22804,11,10013
8098,congress_usa_new-jersey_2015,58487,2015-07-24_rav_lesson_congress_n3,4,22806,11,10013
8098,congress_usa_new-jersey_2015,58491,2015-07-24_rav_lesson_congress_n4,4,22810,11,10013
8098,congress_usa_new-jersey_2015,58492,2015-07-24_rav_lesson_congress_n5,4,22809,11,10013
8098,congress_usa_new-jersey_2015,58496,2015-07-24_rav_lesson_congress_n6,4,22807,11,10013
8098,congress_usa_new-jersey_2015,58499,2015-07-24_rav_lesson_congress_n7,4,22811,11,10013
8073,congress_russia_moscow_2015,60796,2015-11-24_rav_lesson_ktaim-nivharim,4,23352,11,10106
8073,congress_russia_moscow_2015,60843,2015-11-25_rav_lesson_ktaim-nivharim,4,23353,11,10107
8073,congress_russia_moscow_2015,60236,2015-10-29_rav_lesson_rb-1984-09-le-olam-imkor-korot,4,23248,11,10088
8073,congress_russia_moscow_2015,60129,2015-10-25_rav_lesson_rb-1985-05-lech-lecha-1,4,23230,11,10084
8073,congress_russia_moscow_2015,60749,2015-11-19_rav_lesson_congress_n0,4,23354,11,10108
8073,congress_russia_moscow_2015,60642,2015-11-15_rav_lesson_achana-le-kenes-moskva-shiur-7,4,23330,11,10099
8073,congress_russia_moscow_2015,60588,2015-11-12_rav_lesson_achana-le-kenes-moskva,4,23334,11,10100
8073,congress_russia_moscow_2015,60496,2015-11-09_rav_lesson_achana-le-kenes-moskva,4,23313,11,10097
8073,congress_russia_moscow_2015,60437,2015-11-06_rav_lesson_achana-kenes-moskva,4,23285,11,10095
8073,congress_russia_moscow_2015,60256,2015-10-30_norav_lesson_achana-le-kenes-moscow,4,23255,11,10089
8073,congress_russia_moscow_2015,60683,2015-11-17_rav_lesson_sheelot-al-kenes-moskva,4,23347,11,10104
8073,congress_russia_moscow_2015,60632,2015-11-13_rav_lesson_achana-le-kenes-moskva,4,23319,11,10098
8073,congress_russia_moscow_2015,60751,2015-11-20_rav_lesson_congress_n1,4,23355,11,10108
8073,congress_russia_moscow_2015,60644,2015-11-15_rav_lesson_sheelot-al-kenes-moskva,4,23328,11,10099
8073,congress_russia_moscow_2015,60264,2015-10-30_rav_lesson_sheelot-achanat-kenes-moskva,4,23254,11,10089
8073,congress_russia_moscow_2015,60638,2015-11-13_rav_lesson_achana-le-kenes-moskva-shiur-1-2,4,23326,11,10098
8073,congress_russia_moscow_2015,60753,2015-11-20_rav_lesson_congress_n2,4,23358,11,10108
8073,congress_russia_moscow_2015,60639,2015-11-13_rav_lesson_achana-le-kenes-moskva-shiur-3,4,23327,11,10098
8073,congress_russia_moscow_2015,60640,2015-11-13_rav_lesson_achana-le-kenes-moskva-shiur-4,4,23325,11,10098
8073,congress_russia_moscow_2015,60754,2015-11-20_rav_lesson_congress_n3,4,23360,11,10108
8073,congress_russia_moscow_2015,60670,2015-11-13_rav_lesson_achana-le-kenes-moskva-shiur-5,4,23321,11,10098
8073,congress_russia_moscow_2015,60671,2015-11-13_rav_lesson_achana-le-kenes-moskva-shiur-6,4,23323,11,10098
8073,congress_russia_moscow_2015,60758,2015-11-20_rav_lesson_congress_n4,4,23356,11,10108
8073,congress_russia_moscow_2015,60688,2015-11-13_rav_lesson_sheelot-al-achana-le-kenes-moskva,4,23324,11,10098
8073,congress_russia_moscow_2015,60760,2015-11-20_rav_lesson_congress_n5,4,23359,11,10108
8073,congress_russia_moscow_2015,60764,2015-11-20_rav_lesson_congress_n6,4,23361,11,10108
8073,congress_russia_moscow_2015,60768,2015-11-20_rav_lesson_congress_n7,4,23357,11,10108
8073,congress_russia_moscow_2015,60481,2015-11-06_rav_lesson_achana-le-kenes-moskva,4,23287,11,10095
8024,congress_chile_2017,68565,2017-04-07_rav_lesson_achana-le-kenes,4,25907,11,10735
8024,congress_chile_2017,68783,2017-04-26_rav_lesson_congress_n1,4,25972,11,10748
8024,congress_chile_2017,68696,2017-04-18_rav_lesson_achana-le-kenes_n1,4,25928,11,10737
8024,congress_chile_2017,68697,2017-04-18_rav_lesson_achana-le-kenes_n2,4,25920,11,10737
8024,congress_chile_2017,68785,2017-04-26_rav_lesson_congress_n2,4,25977,11,10748
8024,congress_chile_2017,68791,2017-04-27_rav_lesson_congress_n3,4,25980,11,10748
8024,congress_chile_2017,68793,2017-04-27_rav_lesson_congress_n4,4,25985,11,10748
8024,congress_chile_2017,68746,2017-04-21_rav_lesson_achana-le-kenes_n4,4,25933,11,10734
8024,congress_chile_2017,68795,2017-04-27_rav_lesson_congress_n5,4,25990,11,10748
8024,congress_chile_2017,68748,2017-04-21_rav_lesson_achana-le-kenes_n5,4,25918,11,10734
8024,congress_chile_2017,68764,2017-04-21_rav_lesson_achana-le-kenes_n6,4,25940,11,10734
8043,congress_germany_2005,3691,Al_Congress_BeGermany_15-02-05,4,6742,11,2568
8043,congress_germany_2005,3693,CongressGermany2005_Lesson-1_11-02-05,4,6716,11,2546
8043,congress_germany_2005,3697,CongressGermany2005_Lesson-2_11-02-05,4,6718,11,2547
8043,congress_germany_2005,3698,CongressGermany2005_Lesson-3_11-02-05,4,6719,11,2548
8043,congress_germany_2005,3699,CongressGermany2005_Lesson-4_13-02-05,4,6730,11,2558
8043,congress_germany_2005,3700,CongressGermany2005_Lesson-5_Shamati-115_14-02-05,4,6733,11,2561
8043,congress_germany_2005,3701,CongressGermany2005_OpeningCeremony_11-02-05,4,6720,11,2549
8043,congress_germany_2005,3702,CongressGermany2005_Lesson-women_11-02-05,4,6721,11,2550
8043,congress_germany_2005,3705,CongressGermany2005_ClosingCeremony_13-02-05,4,6731,11,2559
8043,congress_germany_2005,4169,Clip_CongressGermany2005_30-03-05,4,6971,11,2772
8087,congress_usa_new-york_2007-08,12081,2007-08-26_bs-shalom-ba-olam_rus_rav_shiur_ny_04-congress,4,9828,11,4481
8087,congress_usa_new-york_2007-08,12089,2007-08-26_xx_rus_rav_shiur_ny_06-congress,4,9831,11,4483
8087,congress_usa_new-york_2007-08,12099,2007-08-24_bs-galut-ve-geula_rus_rav_shiur_ny_01-congress,4,9825,11,4478
8087,congress_usa_new-york_2007-08,12106,2007-08-24_bs-dor-acharon_rus_rav_shiur_ny_02-congress,4,9826,11,4479
8087,congress_usa_new-york_2007-08,12133,2007-08-25_bs-shalom-ba-olam_rus_rav_shiur_ny_03-congress,4,9827,11,4480
8087,congress_usa_new-york_2007-08,12169,2007-08-26_xx_rus_rav_shiur_ny_05-congress,4,9832,11,4484
3997,congress_usa_buffalo_2009,20609,2009-10-16_xx_heb_rav_lesson_buffalo_congress-lesson-1,4,13334,11,6227
3997,congress_usa_buffalo_2009,20610,2009-10-16_xx_heb_rav_lesson_buffalo_congress-lesson-2,4,13335,11,6228
3997,congress_usa_buffalo_2009,20611,2009-10-18_xx_heb_rav_lesson_buffalo_congress-lesson-3,4,13336,11,6229
3997,congress_usa_buffalo_2009,20616,2009-10-18_xx_heb_rav_lesson_buffalo_congress-women-lesson,4,13337,11,6229
3997,congress_usa_buffalo_2009,20617,2009-10-18_xx_heb_rav_lesson_buffalo_congress-lesson-4-children,4,13338,11,6230
3997,congress_usa_buffalo_2009,20618,2009-10-18_xx_heb_rav_lesson_buffalo_congress-education-seminar,4,13339,11,6231
3997,congress_usa_buffalo_2009,20628,2009-10-18_xx_heb_rav_lesson_buffalo_congress-lesson-5,4,13341,11,6233
8112,congress_israel_haolami_2011,30377,2011-12-02_simha_heb_rav_lesson,4,16997,11,7907
8112,congress_israel_haolami_2011,30379,2011-12-02_kitvey-rb-1986-17-seder-yeshivat-itvaadut_heb_rav_lesson,4,16998,11,7908
8112,congress_israel_haolami_2011,30380,2011-12-02_bs-kol-mitztaer_heb_rav_lesson,4,16999,11,7909
8112,congress_israel_haolami_2011,30381,2011-12-02_rb-shamati-072-bitachon-hu-levush_heb_rav_lesson,4,17000,11,7910
8112,congress_israel_haolami_2011,30383,2011-12-04_heb_rav_lesson_congress_ahana,4,17001,11,7911
8112,congress_israel_haolami_2011,30385,2011-12-05_heb_rav_lesson_congress_ahana,4,17002,11,7912
8112,congress_israel_haolami_2011,30388,2011-12-06_heb_rav_lesson_congress_n1,4,17004,11,7913
8112,congress_israel_haolami_2011,30392,2011-12-06_heb_rav_lesson_congress_n2,4,17005,11,7914
8112,congress_israel_haolami_2011,30395,2011-12-06_heb_rav_lesson_congress_n3,4,17006,11,7915
8112,congress_israel_haolami_2011,30398,2011-12-07_heb_rav_lesson_congress_n4,4,17007,11,7916
8112,congress_israel_haolami_2011,30405,2011-12-07_heb_rav_lesson_congress_n5,4,17008,11,7916
8112,congress_israel_haolami_2011,30407,2011-12-07_heb_rav_lesson_congress_n6,4,17009,11,7917
8112,congress_israel_haolami_2011,30409,2011-12-08_heb_rav_lesson_congress_n7,4,17010,11,7918
8112,congress_israel_haolami_2011,30413,2011-12-08_heb_rav_lesson_congress_n8,4,17011,11,7918
8033,congress_italy_2012,35841,2012-09-28_heb_rav_lesson_congress_n1,4,18472,11,8555
8033,congress_italy_2012,35855,2012-09-28_heb_rav_lesson_congress_n2,4,18473,11,8555
8047,congress_romania_2015,59294,2015-09-03_rav_lesson_congress_n01,4,22997,11,10050
8047,congress_romania_2015,58911,2015-08-14_rav_lesson_ktaim-nivharim,4,22894,11,10031
8047,congress_romania_2015,58949,2015-08-17_rav_lesson_shiur-achana-le-kenes,4,22906,11,10033
8047,congress_romania_2015,59034,2015-08-21_rav_lesson_shiur-achana-le-kenes,4,22924,11,10037
8047,congress_romania_2015,59306,2015-09-04_rav_lesson_congress_n1,4,22994,11,10050
8047,congress_romania_2015,59350,2015-09-07_rav_lesson_sikum-kenes-romania,4,22985,11,10048
8047,congress_romania_2015,59110,2015-08-26_rav_lesson_shiur-achana-le-kenes,4,22949,11,10041
8047,congress_romania_2015,59142,2015-08-27_rav_lesson_shiur-achana-le-kenes,4,22953,11,10042
8047,congress_romania_2015,59158,2015-08-28_rav_lesson_shiur-achana-le-kenes,4,22962,11,10043
8047,congress_romania_2015,58931,2015-08-16_rav_lesson_shiur-achana-le-kenes,4,22902,11,10032
8047,congress_romania_2015,59049,2015-08-23_rav_lesson_shiur-achana-le-kenes,4,22934,11,10038
8047,congress_romania_2015,58996,2015-08-19_rav_lesson_shiur-achana-le-kenes,4,22913,11,10035
8047,congress_romania_2015,58973,2015-08-18_rav_lesson_shiur-achana-le-kenes_3,4,22907,11,10034
8047,congress_romania_2015,59097,2015-08-25_rav_lesson_shiur-achana-le-kenes,4,22945,11,10040
8047,congress_romania_2015,59308,2015-09-04_rav_lesson_congress_n2,4,22993,11,10050
8047,congress_romania_2015,59014,2015-08-20_rav_lesson_shiur-achana-le-kenes,4,22916,11,10036
8047,congress_romania_2015,59076,2015-08-24_rav_lesson_shiur-achana-le-kenes,4,22938,11,10039
8047,congress_romania_2015,59313,2015-09-04_rav_lesson_congress_n3,4,22991,11,10050
8047,congress_romania_2015,59331,2015-09-04_rav_lesson_congress_n4,4,22995,11,10050
8047,congress_romania_2015,59346,2015-09-04_rav_lesson_congress_n5,4,22996,11,10050
8047,congress_romania_2015,59335,2015-09-04_rav_lesson_congress_n6,4,22992,11,10050
8009,congress_ukraine_kiev_2004,2919,AlCongres_be-Kiev_21-11-04,4,6332,11,2231
8009,congress_ukraine_kiev_2004,2933,AlCongres_be-Kiev_22-11-04,4,6337,11,2235
8009,congress_ukraine_kiev_2004,2979,HitrashmuyotMiCongressBeKiyev_29-11-04,4,6360,11,2253
8009,congress_ukraine_kiev_2004,3021,Yeshivat_Haverim_05-12-04,4,6391,11,2279
8009,congress_ukraine_kiev_2004,3091,SeudaLifneiKiev_18-11-04,4,6323,11,2224
8009,congress_ukraine_kiev_2004,3092,ShalomLeKiev_18-11-04,4,6324,11,2225
4778,congress_usa_new-york_2005,5789,AmericanCongress_RB_Shamati-048_Ikar_yesod_23-09-05_heb,4,7486,11,3159
4778,congress_usa_new-york_2005,5790,AmericanCongress_Openinig_23-09-05_heb,4,7487,11,3159
4778,congress_usa_new-york_2005,5791,AmericanCongress_Lesson-1_23-09-05_heb,4,7488,11,3160
4778,congress_usa_new-york_2005,5801,AmericanCongress_Lesson-4_25-09-05_heb,4,7490,11,3162
4778,congress_usa_new-york_2005,5806,Yeshivat_Haverim_25-09-05,4,7491,11,3162
4778,congress_usa_new-york_2005,5948,AmericanCongress_ShiurNashim_25-09-05_heb,4,7492,11,3163
4778,congress_usa_new-york_2005,6326,AmericanCongress_Lesson-3_25-09-05_heb,4,7493,11,3164
4778,congress_usa_new-york_2005,6327,AmericanCongress_Lesson-2_23-09-05_heb,4,7489,11,3161
8125,congress_israel_haolami_2008-02,13501,2008-02-03_xx_heb_rav_atzaga_ta_congress-opening,4,10499,11,4903
8125,congress_israel_haolami_2008-02,13502,2008-02-03_xx_heb_rav_sicha_ta_congress-opening,4,10500,11,4903
8125,congress_israel_haolami_2008-02,13504,2008-02-03_xx_mlt_norav_atzaga_ta_congress_erev-tarbut,4,10501,11,4904
8125,congress_israel_haolami_2008-02,13505,2008-02-04_xx_heb_rav_shiur_ta_congress-lesson-1,4,10503,11,4906
8125,congress_israel_haolami_2008-02,13506,2008-02-04_xx_mlt_norav_seuda_ta_congress-zohoraim,4,10504,11,4906
8125,congress_israel_haolami_2008-02,13507,2008-02-04_xx_mlt_norav_yhaverim_ta_congress,4,10505,11,4907
8125,congress_israel_haolami_2008-02,13508,2008-02-04_xx_heb_rav_shiur_ta_congress-lesson-2,4,10506,11,4908
8125,congress_israel_haolami_2008-02,13510,2008-02-04_xx_mlt_norav_seuda_ta_congress-erev,4,10507,11,4909
8125,congress_israel_haolami_2008-02,13511,2008-02-04_xx_mlt_norav_atzaga_ta_congress-erev-tarbut,4,10508,11,4910
8125,congress_israel_haolami_2008-02,13513,2008-02-05_rb-shamati-001-ein-od-milvado_heb_rav_shiur_ta_congress-lesson-3,4,10511,11,4912
8125,congress_israel_haolami_2008-02,13514,2008-02-05_xx_heb_rav_artzaa_ta_congress-al-hinuh,4,10510,11,4912
8125,congress_israel_haolami_2008-02,13515,2008-02-05_xx_heb_norav_seuda_ta_congress-zohoraim,4,10512,11,4913
8125,congress_israel_haolami_2008-02,13517,2008-02-05_xx_heb_rav_shiur_ta_congress-lesson-4,4,10514,11,4915
8125,congress_israel_haolami_2008-02,13518,2008-02-05_xx_mlt_norav_seuda_ta_congress-erev,4,10515,11,4916
8125,congress_israel_haolami_2008-02,13520,2008-02-05_xx_mlt_rav_atzaga_ta_congress-erev-tarbut,4,10516,11,4917
8125,congress_israel_haolami_2008-02,13521,2008-02-06_xx_heb_rav_shiur_ta_congress-lesson-5,4,10518,11,4919
8125,congress_israel_haolami_2008-02,13522,2008-02-06_xx_mlt_norav_seuda_ta_congress-zohoraim,4,10519,11,4919
8125,congress_israel_haolami_2008-02,13523,2008-02-06_xx_mlt_norav_yhaverim_ta_congress,4,10520,11,4920
8125,congress_israel_haolami_2008-02,13560,2008-02-03_rus_rav_shiur_bb_lesson-lifney-congress,4,10502,11,4905
8034,congress_italy_2011,28087,2011-05-21_heb_rav_lesson_congress_n1,4,16102,11,7468
8034,congress_italy_2011,28088,2011-05-21_heb_rav_lesson_congress_n2,4,16101,11,7468
8034,congress_italy_2011,28094,2011-05-22_heb_rav_lesson_congress_n3,4,16104,11,7469
8034,congress_italy_2011,28095,2011-05-22_heb_rav_lesson_congress_n4,4,16105,11,7470
8054,congress_canada_2011,29475,2011-09-16_heb_rav_lesson_congress_n0,4,16629,11,7745
8054,congress_canada_2011,29477,2011-09-16_heb_rav_lesson_congress_n1,4,16630,11,7745
8054,congress_canada_2011,29478,2011-09-16_heb_rav_lesson_congress_n2,4,16631,11,7746
8054,congress_canada_2011,29479,2011-09-16_heb_rav_lesson_congress_n3,4,16632,11,7747
8054,congress_canada_2011,29481,2011-09-16_heb_rav_lesson_congress_n4,4,16633,11,7748
8054,congress_canada_2011,29482,2011-09-17_heb_rav_lesson_congress_n5,4,16634,11,7749
8054,congress_canada_2011,29488,2011-09-18_heb_rav_lesson_congress_n6,4,16636,11,7750
8059,congress_colombia_2012,32548,2012-04-27_heb_rav_lesson_arvut-be-kvutza,4,17707,11,8197
8059,congress_colombia_2012,32549,2012-04-27_heb_rav_lesson_zmanim-shel-shinuy,4,17708,11,8197
8059,congress_colombia_2012,32554,2012-04-29_heb_rav_lesson_kvutzat-kolombia-siha,4,17709,11,8198
8059,congress_colombia_2012,32557,2012-04-29_heb_rav_lesson_siha-conference,4,17711,11,8199
8040,congress_germany_2013,41070,2013-03-22_heb_rav_lesson_congress_n1,4,19672,11,9186
8040,congress_germany_2013,41072,2013-03-22_heb_rav_lesson_congress_n2,4,19673,11,9186
8040,congress_germany_2013,41073,2013-03-22_heb_rav_lesson_congress_n3,4,19674,11,9187
8040,congress_germany_2013,41075,2013-03-22_heb_rav_lesson_congress_n4,4,19675,11,9188
8040,congress_germany_2013,41077,2013-03-22_heb_rav_lesson_congress_n5,4,19676,11,9189
8040,congress_germany_2013,41080,2013-03-22_heb_rav_lesson_congress_n6,4,19677,11,9190
8096,congress_usa_new-jersey_2013,42541,2013-05-09_rav_lesson_sicha-ahana-lekenes,4,19888,11,9263
8096,congress_usa_new-jersey_2013,42550,2013-05-10_rav_lesson_sicha-al-hashivut-itasfut,4,19891,11,9264
8096,congress_usa_new-jersey_2013,42551,2013-05-10_rav_lesson_congress_n1,4,19890,11,9264
8096,congress_usa_new-jersey_2013,42554,2013-05-10_rav_lesson_congress_n2,4,19894,11,9265
8096,congress_usa_new-jersey_2013,42557,2013-05-10_rav_lesson_congress_n3,4,19893,11,9265
8096,congress_usa_new-jersey_2013,42559,2013-05-10_rav_lesson_congress_n4,4,19892,11,9265
8096,congress_usa_new-jersey_2013,42567,2013-05-10_rav_lesson_congress_n6,4,19895,11,9266
8058,congress_colombia_2014,52361,2014-07-25_rav_lesson_congress_n1,4,21516,11,9736
8058,congress_colombia_2014,52402,2014-07-30_norav_lesson_michtav-me-rav,4,21522,11,9738
8058,congress_colombia_2014,52363,2014-07-25_rav_lesson_congress_n2,4,21517,11,9736
8058,congress_colombia_2014,52366,2014-07-25_rav_lesson_congress_n3,4,21518,11,9736
8058,congress_colombia_2014,52377,2014-07-25_rav_lesson_congress_n4,4,21519,11,9736
8026,congress_mexico_2015,58379,2015-07-14_rav_lesson_achana-le-knasim,4,22788,11,10007
8026,congress_mexico_2015,58394,2015-07-15_rav_lesson_achana-le-kensim,4,22792,11,10008
8026,congress_mexico_2015,58303,2015-07-10_rav_lesson_achana-le-knasim,4,22777,11,10004
8026,congress_mexico_2015,58329,2015-07-12_rav_lesson_achana-le-knasim,4,22782,11,10005
8026,congress_mexico_2015,58357,2015-07-13_rav_lesson_achana-le-knasim,4,22786,11,10006
8026,congress_mexico_2015,58434,2015-07-17_rav_lesson_congress_n0,4,22796,11,10011
8026,congress_mexico_2015,58148,2015-07-03_rav_lesson_achana-le-knasim,4,22743,11,9998
8026,congress_mexico_2015,58150,2015-07-03_rav_lesson_achana-le-knasim-shiur-1,4,22744,11,9998
8026,congress_mexico_2015,58351,2015-07-12_rav_lesson_achana-le-knasim-2,4,22784,11,10005
8026,congress_mexico_2015,58436,2015-07-17_rav_lesson_congress_n1,4,22797,11,10011
8026,congress_mexico_2015,58440,2015-07-17_rav_lesson_congress_n2,4,22800,11,10011
8026,congress_mexico_2015,58443,2015-07-17_rav_lesson_congress_n3,4,22801,11,10011
8026,congress_mexico_2015,58446,2015-07-17_rav_lesson_congress_n4,4,22798,11,10011
8026,congress_mexico_2015,58449,2015-07-17_rav_lesson_congress_n5,4,22799,11,10011
8074,congress_russia_moscow_2016,63538,2016-05-02_rav_lesson_congress_n1,4,24106,11,10246
8074,congress_russia_moscow_2016,63546,2016-05-02_rav_lesson_congress_n2,4,24107,11,10246
8074,congress_russia_moscow_2016,63550,2016-05-02_rav_lesson_congress_n3,4,24108,11,10246
8074,congress_russia_moscow_2016,63554,2016-05-03_rav_lesson_congress_n4,4,24105,11,10246
8074,congress_russia_moscow_2016,63555,2016-05-03_rav_lesson_congress_n5,4,24109,11,10246
8084,congress_kazahstan_2017,69484,2017-06-19_norav_lesson_achana_n1_p0,4,25811,11,10717
8084,congress_kazahstan_2017,69232,2017-06-07_rav_lesson_arvut_n1_p1,4,25712,11,10699
8084,congress_kazahstan_2017,69327,2017-06-13_rav_lesson_tfilat-rabim_n1_p1,4,25770,11,10712
8084,congress_kazahstan_2017,69350,2017-06-14_rav_lesson_hatkafa-al-hahibur_n1_p1,4,25782,11,10714
8084,congress_kazahstan_2017,69226,2017-06-06_rav_lesson_neshama-achat_n1_p1,4,25699,11,10698
8084,congress_kazahstan_2017,69252,2017-06-08_rav_lesson_ein-od-milvado_n1_p1,4,25720,11,10701
8084,congress_kazahstan_2017,69305,2017-06-11_rav_lesson_haor-hamchzir-lemutav_n1_p1,4,25752,11,10707
8084,congress_kazahstan_2017,69486,2017-06-19_rav_lesson_bs-shamati-068-kesher-adam_n1_p1,4,25812,11,10717
8084,congress_kazahstan_2017,69426,2017-06-16_rav_congress_lesson_kazakhstan_n1,4,25797,21,10713
8084,congress_kazahstan_2017,69428,2017-06-16_rav_congress_lesson_kazakhstan_n2,4,25799,21,10713
8084,congress_kazahstan_2017,69431,2017-06-16_rav_congress_lesson_kazakhstan_n3,4,25802,21,10713
8084,congress_kazahstan_2017,69433,2017-06-16_rav_congress_lesson_kazakhstan_n4,4,25804,21,10713
8084,congress_kazahstan_2017,69435,2017-06-16_rav_congress_lesson_kazakhstan_n5,4,25806,21,10713
8084,congress_kazahstan_2017,69440,2017-06-18_rav_congress_lesson_kazakhstan_n6,4,25809,21,10713
8060,congress_sweden_2013,45409,2013-08-30_rav_lesson_congress_n1,4,20258,11,9382
8060,congress_sweden_2013,45411,2013-08-30_rav_lesson_congress_n2,4,20259,11,9382
8060,congress_sweden_2013,45414,2013-08-30_rav_lesson_congress_n3,4,20260,11,9383
8060,congress_sweden_2013,45418,2013-08-30_rav_lesson_congress_n4,4,20261,11,9384
8029,congress_brasil_2017,68803,2017-04-29_rav_congress_lesson_n0,4,25981,11,10750
8029,congress_brasil_2017,68565,2017-04-07_rav_lesson_achana-le-kenes,4,25907,11,10735
8029,congress_brasil_2017,68714,2017-04-19_rav_lesson_achana-le-kenes_n1,4,25942,11,10740
8029,congress_brasil_2017,68806,2017-04-29_rav_congress_lesson_n6,4,25984,11,10750
8029,congress_brasil_2017,68715,2017-04-19_rav_lesson_achana-le-kenes_n2,4,25932,11,10740
8029,congress_brasil_2017,68808,2017-04-29_rav_congress_lesson_n7,4,25991,11,10750
8029,congress_brasil_2017,68807,2017-04-30_rav_congress_lesson_n8,4,25988,11,10750
8029,congress_brasil_2017,68746,2017-04-21_rav_lesson_achana-le-kenes_n4,4,25933,11,10734
8029,congress_brasil_2017,68813,2017-04-30_rav_congress_lesson_n9,4,25994,11,10750
8029,congress_brasil_2017,68748,2017-04-21_rav_lesson_achana-le-kenes_n5,4,25918,11,10734
8029,congress_brasil_2017,68815,2017-04-30_rav_congress_lesson_n10,4,25995,11,10750
8029,congress_brasil_2017,68764,2017-04-21_rav_lesson_achana-le-kenes_n6,4,25940,11,10734
8100,congress_usa_new-jersey_2017,68565,2017-04-07_rav_lesson_achana-le-kenes,4,25907,11,10735
8100,congress_usa_new-jersey_2017,68837,2017-05-05_rav_congress_lesson_n16,4,25382,21,10644
8100,congress_usa_new-jersey_2017,68756,2017-04-23_rav_lesson_achana-le-kenes_n1,4,25849,11,10727
8100,congress_usa_new-jersey_2017,68767,2017-04-24_rav_lesson_achana-le-kenes,4,25863,11,10723
8100,congress_usa_new-jersey_2017,68732,2017-04-21_rav_lesson_achana-le-kenes_n1,4,25943,11,10734
8100,congress_usa_new-jersey_2017,68757,2017-04-23_rav_lesson_achana-le-kenes_n2,4,25856,11,10727
8100,congress_usa_new-jersey_2017,68839,2017-05-05_rav_congress_lesson_n17,4,25385,21,10644
8100,congress_usa_new-jersey_2017,68841,2017-05-05_rav_congress_lesson_n18,4,25387,21,10644
8100,congress_usa_new-jersey_2017,68842,2017-05-05_rav_congress_lesson_n19,4,25983,11,10749
8100,congress_usa_new-jersey_2017,68746,2017-04-21_rav_lesson_achana-le-kenes_n4,4,25933,11,10734
8100,congress_usa_new-jersey_2017,68845,2017-05-05_rav_congress_lesson_n20,4,25390,21,10644
8100,congress_usa_new-jersey_2017,68748,2017-04-21_rav_lesson_achana-le-kenes_n5,4,25918,11,10734
8100,congress_usa_new-jersey_2017,68764,2017-04-21_rav_lesson_achana-le-kenes_n6,4,25940,11,10734
8100,congress_usa_new-jersey_2017,68848,2017-05-05_rav_congress_lesson_n21,4,25996,11,10749
8100,congress_usa_new-jersey_2017,68849,2017-05-05_rav_congress_lesson_n22,4,25392,21,10644
8100,congress_usa_new-jersey_2017,68859,2017-05-07_rav_congress_lesson_n23,4,25397,21,10644
8108,congress_israel_haolami_ 2004-03,1322,Sitrin-1_29-03-04,4,5766,11,1847
8108,congress_israel_haolami_ 2004-03,1323,Sitrin-2_30-03-04,4,5767,11,1847
8108,congress_israel_haolami_ 2004-03,1326,SpringSeminar2004_Lesson-5_05-04-04,4,5774,11,1852
8108,congress_israel_haolami_ 2004-03,1327,SpringSeminar2004_Lesson-2_02-04-04,4,5770,11,1850
8108,congress_israel_haolami_ 2004-03,1328,SpringSeminar2004_Lesson-3_04-04-04,4,5772,11,1851
8108,congress_israel_haolami_ 2004-03,1329,SpringSeminar2004_Lesson-6_06-04-04,4,5775,11,1853
8108,congress_israel_haolami_ 2004-03,1330,SpringSeminar2004_Lesson-7_06-04-04,4,5776,11,1853
8108,congress_israel_haolami_ 2004-03,1331,SpringSeminar2004_Lesson-8_07-04-04,4,5777,11,1854
8108,congress_israel_haolami_ 2004-03,1334,SpringSeminar2004_Lesson-9_08-04-04,4,5778,11,1855
8108,congress_israel_haolami_ 2004-03,1335,SpringSeminar2004_Lesson-10_09-04-04,4,5779,11,1856
8108,congress_israel_haolami_ 2004-03,1336,SpringSeminar2004_Lesson-11_Herut_09-04-04,4,5780,11,1856
8108,congress_israel_haolami_ 2004-03,1337,SpringSeminar2004_Lesson-12_11-04-04,4,5781,11,1857
8108,congress_israel_haolami_ 2004-03,1343,SpringSeminar2004_Lesson-13_11-04-04,4,5782,11,1857
8108,congress_israel_haolami_ 2004-03,1344,Sitrin-3_31-03-04,4,5768,11,1848
8108,congress_israel_haolami_ 2004-03,1352,SpringSeminar2004_Lesson-14_12-04-04,4,5783,11,1858
8108,congress_israel_haolami_ 2004-03,1358,SpringSeminar2004_Lesson-1_02-04-04,4,5771,11,1850
8108,congress_israel_haolami_ 2004-03,1368,clip_SpringSeminar_2004,4,5784,11,1858
8108,congress_israel_haolami_ 2004-03,1370,SpringSeminar2004_Lesson-4_04-04-04,4,5773,11,1851
8108,congress_israel_haolami_ 2004-03,1528,Sitrin-3_01-04-04,4,5769,11,1849
8086,congress_usa_new-york_2007-01,9980,2007-01-12_xx_rus_rav_shiur_ny_lifney-congress,4,8990,11,3995
8086,congress_usa_new-york_2007-01,10000,2007-01-12_bs-mitzva-achat_rus_rav_shiur_ny_01_congress,4,8991,11,3996
8086,congress_usa_new-york_2007-01,10007,2007-01-12_bs-sechel-poel_rus_rav_shiur_ny_02_congress,4,8992,11,3997
8086,congress_usa_new-york_2007-01,10174,2007-01-14_rus_rav-le-mathilim_artzaa_ny_congress,4,8994,11,3998
8023,congress_chile_2014,52414,2014-07-31_rav_lesson_congress_n3,4,21525,11,9739
8023,congress_chile_2014,52402,2014-07-30_norav_lesson_michtav-me-rav,4,21522,11,9738
8023,congress_chile_2014,52410,2014-07-30_rav_lesson_congress_n1,4,21523,11,9738
8023,congress_chile_2014,52412,2014-07-30_rav_lesson_congress_n2,4,21524,11,9738
8023,congress_chile_2014,52468,2014-07-31_rav_lesson_congress_n4,4,21527,11,9739
8075,congress_russia_petersburg_2016,53191,2014-09-14_rav_lesson_rb-igeret-40,4,21697,11,9775
8075,congress_russia_petersburg_2016,64820,2016-07-24_rav_lesson_achana-le-kenes-shiur-7,4,24393,11,10308
8075,congress_russia_petersburg_2016,64760,2016-07-19_rav_lesson_achana-le-kenes-shiur-3,4,24368,11,10303
8075,congress_russia_petersburg_2016,64772,2016-07-20_rav_lesson_achana-le-kenes-shiur-4,4,24372,11,10304
8075,congress_russia_petersburg_2016,64792,2016-07-21_rav_lesson_achana-le-kenes-shiur-5,4,24374,11,10305
8075,congress_russia_petersburg_2016,64806,2016-07-22_rav_lesson_achana-le-kenes-shiur-5,4,24376,11,10306
8075,congress_russia_petersburg_2016,64745,2016-07-18_rav_lesson_achana-le-kenes-shiur-2,4,24366,11,10302
8075,congress_russia_petersburg_2016,64837,2016-07-25_rav_lesson_achana-le-kenes-shiur-7,4,24388,11,10307
8075,congress_russia_petersburg_2016,64868,2016-07-26_rav_lesson_achana-le-kenes-shiur-8,4,24396,11,10309
8075,congress_russia_petersburg_2016,64874,2016-07-27_rav_lesson_achana-le-kenes-shiur-9,4,24398,11,10310
8075,congress_russia_petersburg_2016,64889,2016-07-28_rav_lesson_achana-le-kenes-shiur-6,4,24401,11,10311
8075,congress_russia_petersburg_2016,64727,2016-07-17_rav_lesson_achana-le-kenes-shiur-1,4,24360,11,10301
8075,congress_russia_petersburg_2016,64897,2016-07-29_rav_lesson_congress_n1,4,24426,11,10316
8075,congress_russia_petersburg_2016,64900,2016-07-29_rav_lesson_congress_n2,4,24431,11,10316
8075,congress_russia_petersburg_2016,64902,2016-07-29_rav_lesson_congress_n3,4,24433,11,10316
8075,congress_russia_petersburg_2016,64905,2016-07-29_rav_lesson_congress_n4,4,24427,11,10316
8075,congress_russia_petersburg_2016,64907,2016-07-29_rav_lesson_congress_n5,4,24429,11,10316
8075,congress_russia_petersburg_2016,64909,2016-07-29_rav_lesson_congress_n6,4,24432,11,10316
8075,congress_russia_petersburg_2016,64911,2016-07-29_rav_lesson_congress_n7,4,24428,11,10316
8075,congress_russia_petersburg_2016,64913,2016-07-29_rav_lesson_congress_n8,4,24430,11,10316
8082,congress_ukraine_odessa_2003,108,AlOdessa_03-09-03,4,5228,11,1523
8082,congress_ukraine_odessa_2003,231,Odessa_den4_01-09-03,4,5226,11,1521
8082,congress_ukraine_odessa_2003,495,Odessa_den1_29-08-03,4,5223,11,1519
8082,congress_ukraine_odessa_2003,497,Odessa_urok2_29-08-03,4,5224,11,1519
8082,congress_ukraine_odessa_2003,533,Odessa-den3,4,5225,11,1520
8082,congress_ukraine_odessa_2003,717,Odessa_den5_02-09-03,4,5227,11,1522
8063,congress_poland_2007,12864,2007-11-26_xx_heb_rav_divuah_bb_al-poland-congress,4,10174,11,4712
8063,congress_poland_2007,12908,2007-11-25_xx_heb_rav_shiur_bb_congress-polin,4,10168,11,4708
8071,congress_russia_moscow_2011-01 ,26414,2011-01-14_bs-akdama-zohar_rus_rav_lesson,4,15533,11,7229
8071,congress_russia_moscow_2011-01 ,26419,2011-01-16_kitvey-rb-1986-15-tfilat-rabim-2_rus_rav_lesson,4,15536,11,7231
8071,congress_russia_moscow_2011-01 ,26425,2011-01-17_rb-shamati2-189-hamaase-poel_rus_rav_lesson,4,15537,11,7232
8071,congress_russia_moscow_2011-01 ,26426,2011-01-17_rb-shamati-187-leachria-ba-yegia_rus_rav_lesson,4,15538,11,7232
8071,congress_russia_moscow_2011-01 ,26428,2011-01-14_bs-akdama-zohar_rus_rav_lesson_1,4,15534,11,7230
8071,congress_russia_moscow_2011-01 ,26432,2011-01-18_rb-shamati-002-shchinta-be-galuta_rus_rav_lesson,4,15539,11,7233
8049,congress_spain_2011,28241,2011-06-03_heb_rav_lesson_congress_n1,4,16151,11,7486
8049,congress_spain_2011,28243,2011-06-04_heb_rav_lesson_congress_n2,4,16153,11,7487
8049,congress_spain_2011,28244,2011-06-04_heb_rav_lesson_congress_n3,4,16154,11,7487
8049,congress_spain_2011,28254,2011-06-05_heb_rav_lesson_congress_n4,4,16155,11,7488
8113,congress_israel_haolami_2014,47347,2013-12-30_rav_lesson_achana-le-kenes,4,20689,11,9517
8113,congress_israel_haolami_2014,47363,2013-12-31_rav_lesson_achana-le-kenes,4,20692,11,9518
8113,congress_israel_haolami_2014,47372,2014-01-01_rav_lesson_achana-le-kenes,4,20694,11,9519
8113,congress_israel_haolami_2014,47424,2014-01-03_rav_lesson_sheelot-al-knasim,4,20706,11,9522
8113,congress_israel_haolami_2014,47558,2014-01-07_rav_lesson_achana-le-kenes,4,20719,11,9527
8113,congress_israel_haolami_2014,47581,2014-01-08_rav_lesson_achana-le-kenes,4,20723,11,9528
8113,congress_israel_haolami_2014,47584,2014-01-08_rav_lesson_achana-le-kenes-2,4,20721,11,9528
8113,congress_israel_haolami_2014,47747,2014-01-09_rav_lesson_achana-le-kenes-2,4,20730,11,9530
8113,congress_israel_haolami_2014,47789,2014-01-10_rav_lesson_divuah-al-knasim,4,20745,11,9535
8113,congress_israel_haolami_2014,48018,2014-01-23_norav_lesson_ahana-le-kenes,4,20796,11,9547
8113,congress_israel_haolami_2014,48047,2014-01-24_rav_lesson_ahana-le-kenes,4,20802,11,9548
8113,congress_israel_haolami_2014,48111,2014-01-27_rav_lesson_congress_n1,4,20814,11,9552
8113,congress_israel_haolami_2014,48119,2014-01-28_rav_lesson_congress_n2,4,20823,11,9555
8113,congress_israel_haolami_2014,48142,2014-01-29_rav_lesson_congress_n3,4,20824,11,9556
8113,congress_israel_haolami_2014,48149,2014-01-30_rav_lesson_congress_n4,4,20828,11,9557
8113,congress_israel_haolami_2014,48252,2014-02-12_rav_lesson_achana,4,20857,11,9567
8113,congress_israel_haolami_2014,48193,2014-02-04_rav_lesson_congress_n1,4,20832,11,9558
8113,congress_israel_haolami_2014,48195,2014-02-05_rav_lesson_congress_n1,4,20833,11,9559
8113,congress_israel_haolami_2014,48197,2014-02-05_rav_lesson_congress_n2,4,20834,11,9559
8113,congress_israel_haolami_2014,48199,2014-02-05_rav_lesson_congress_n3,4,20835,11,9560
8113,congress_israel_haolami_2014,48201,2014-02-06_rav_lesson_congress_n4,4,20836,11,9561
8113,congress_israel_haolami_2014,48207,2014-02-06_rav_lesson_congress_n5,4,20837,11,9561
8113,congress_israel_haolami_2014,48209,2014-02-06_rav_lesson_congress_n6,4,20838,11,9562
8113,congress_israel_haolami_2014,48214,2014-02-07_rav_lesson_congress_n7,4,20839,11,9563
8113,congress_israel_haolami_2014,48257,2014-02-12_rav_lesson_bs-akdama-zohar,4,20856,11,9567
8113,congress_israel_haolami_2014,48223,2014-02-10_rav_lesson_achana,4,20843,11,9565
8113,congress_israel_haolami_2014,48225,2014-02-10_rav_lesson_sadna,4,20842,11,9565
8113,congress_israel_haolami_2014,48226,2014-02-10_rav_lesson_zohar-la-am-hakdama,4,20844,11,9565
8113,congress_israel_haolami_2014,48227,2014-02-10_rav_lesson_bs-akdama-zohar,4,20845,11,9565
8113,congress_israel_haolami_2014,48229,2014-02-11_rav_lesson_achana,4,20847,11,9566
8113,congress_israel_haolami_2014,48230,2014-02-11_rav_lesson_sadna,4,20851,11,9566
8113,congress_israel_haolami_2014,48232,2014-02-11_rav_lesson_zohar-la-am-hakdama,4,20848,11,9566
8113,congress_israel_haolami_2014,48234,2014-02-11_rav_lesson_bs-akdama-zohar,4,20850,11,9566
8113,congress_israel_haolami_2014,48255,2014-02-12_rav_lesson_zohar-la-am-hakdama,4,20854,11,9567
8113,congress_israel_haolami_2014,48253,2014-02-12_rav_lesson_sadna,4,20853,11,9567
8113,congress_israel_haolami_2014,48218,2014-02-07_rav_lesson_rb-1991-12-nerot-alalu,4,20841,11,9564
8113,congress_israel_haolami_2014,48217,2014-02-07_rav_lesson_bs-shamati-025-dvarim-ayotzim,4,20840,11,9563
8113,congress_israel_haolami_2014,48228,2014-02-10_rav_lesson_bs-shamati-121-haita-ke-oniyot,4,20846,11,9565
8113,congress_israel_haolami_2014,48251,2014-02-11_rav_lesson_sheelot-vetshuvot,4,20852,11,9566
8114,congress_israel_haolami_2015,55451,2015-02-03_rav_lesson_sheelot-kenes-lc-usa,4,22208,11,9883
8114,congress_israel_haolami_2015,56080,2015-03-09_rav_lesson_congress_n3,4,22345,11,9912
8114,congress_israel_haolami_2015,56081,2015-03-09_rav_lesson_congress_n4,4,22344,11,9912
8080,congress_ukraine_odessa_2005,6158,BB_CongressOdessa_Lesson-2_RB_Shamati-001_2005-10-23_rus,4,7563,11,3219
8080,congress_ukraine_odessa_2005,6166,BB_CongressOdessa_Lesson-1_ML_Hofesh_bchira_2005-10-21_rus,4,7558,11,3215
8080,congress_ukraine_odessa_2005,6174,BB_CongressOdessa_Lesson-3_2005-10-23_rus,4,7564,11,3219
8080,congress_ukraine_odessa_2005,6193,BB_CongressOdessa_Shiur_Nashim_2005-10-21_rus,4,7559,11,3215
8080,congress_ukraine_odessa_2005,6222,BB_CongressOdessa_LessonBeforeCongress_2005-10-21_rus,4,7560,11,3216
8080,congress_ukraine_odessa_2005,6224,Clip_CongressOdessa_Kabbalki-3_10-2005_rus,4,7507,11,3174
8080,congress_ukraine_odessa_2005,6226,BB_CongressOdessa_Opening_2005-10-21_rus,4,7561,11,3217
8080,congress_ukraine_odessa_2005,6233,ML_HitrashmuyotMiCongress_2005-10-24_heb,4,7565,11,3220
8080,congress_ukraine_odessa_2005,6281,BB_CongressOdessa_Presentation_of-Circulation_Projects_2005-10-21_rus,4,7562,11,3218
8046,congress_estonia_2007,10343,2007-02-23_xx_rus_rav_shiur_tallin_congress-lesson_3,4,9162,11,4094
8046,congress_estonia_2007,10372,2007-02-23_rus_rav_shiur_tallin_congress_lesson_1,4,9164,11,4096
8046,congress_estonia_2007,10373,2007-02-23_rus_rav_shiur_tallin_congress_lesson_2,4,9165,11,4097
3849,congress_usa_st-louis_2008,16314,2008-11-13_bs-ashalom_heb_rav_shiur_stl_2,4,11868,11,5614
3849,congress_usa_st-louis_2008,16320,2008-11-12_xx_heb_rav_shiur_stl_1,4,11867,11,5613
3849,congress_usa_st-louis_2008,16323,2008-11-14_bs-ashalom_heb_rav_shiur_stl_3,4,11869,11,5615
3849,congress_usa_st-louis_2008,16325,2008-11-14_xx_heb_rav_shiur_stl_5,4,11870,11,5615
3849,congress_usa_st-louis_2008,16326,2008-11-16_xx_heb_rav_shiur_stl_7,4,11875,11,5620
3849,congress_usa_st-louis_2008,16327,2008-11-16_xx_heb_rav_shiur_stl_6,4,11876,11,5620
3849,congress_usa_st-louis_2008,16330,2008-11-14_bs-ashalom_heb_rav_shiur_stl_4,4,11871,11,5616
3849,congress_usa_st-louis_2008,16333,2008-11-17_xx_heb_rav_shiur_stl_8,4,11880,11,5624
3849,congress_usa_st-louis_2008,16336,2008-11-17_xx_heb_rav_shiur_stl_nashim,4,11881,11,5624
3849,congress_usa_st-louis_2008,16367,2008-11-14_xx_heb_rav_atzaga_stl_congress-opening,4,11872,11,5617
3849,congress_usa_st-louis_2008,16374,2008-11-16_xx_eng_norav_concert_stl,4,11877,11,5621
4773,congress_russia_krasnoyarsk_2013,43538,2013-06-12_rav_lesson_siha-al-itpathut-enoshut,4,20028,11,9306
4773,congress_russia_krasnoyarsk_2013,43540,2013-06-13_rav_lesson_achana-le-kenes,4,20029,11,9307
4773,congress_russia_krasnoyarsk_2013,43543,2013-06-13_rav_lesson_sheelot-vetshuvot,4,20030,11,9307
4773,congress_russia_krasnoyarsk_2013,43545,2013-06-14_rav_lesson_congress_n1,4,20032,11,9308
4773,congress_russia_krasnoyarsk_2013,43576,2013-06-14_rav_lesson_congress_n2,4,20031,11,9308
4773,congress_russia_krasnoyarsk_2013,43579,2013-06-14_rav_lesson_congress_n3,4,20033,11,9309
4773,congress_russia_krasnoyarsk_2013,43581,2013-06-14_rav_lesson_congress_n4,4,20034,11,9310
4773,congress_russia_krasnoyarsk_2013,43584,2013-06-14_rav_lesson_congress_n5,4,20035,11,9311
4773,congress_russia_krasnoyarsk_2013,43699,2013-06-14_rav_lesson_congress_n6,4,20036,11,9312
8056,congress_france_2014,51029,2014-05-09_rav_lesson_congress_n1,4,21207,11,9673
8056,congress_france_2014,51031,2014-05-09_rav_lesson_congress_n2,4,21208,11,9673
8056,congress_france_2014,51035,2014-05-09_rav_lesson_congress_n3,4,21209,11,9673
8056,congress_france_2014,51037,2014-05-09_rav_lesson_congress_n4,4,21210,11,9673
8056,congress_france_2014,51043,2014-05-09_rav_lesson_congress_n5,4,21211,11,9673
8138,congress_israel_haolami_2004-09,2567,2004-09-30_xx_rus_rav_shiur_sitrin_autumn-seminar_shiur-boker,4,6162,11,2111
8138,congress_israel_haolami_2004-09,2568,2004-10-01_bs-shalom-ba-olam_rus_rav_shiur_sitrin_autumn-seminar_shiur-boker,4,6164,11,2112
8138,congress_israel_haolami_2004-09,2569,2004-10-01_bs-tes-16_rus_rav_shiur_sitrin_autumn-seminar_shiur-boker,4,6165,11,2112
8138,congress_israel_haolami_2004-09,2570,2004-10-01_bs-igeret-01-1920-pg-025_rus_rav_shiur_sitrin_autumn-seminar_shiur-erev,4,6166,11,2113
8138,congress_israel_haolami_2004-09,2571,2004-10-01_rb-shamati-001-ein-od-milvado_rus_rav_shiur_sitrin_autumn-seminar,4,6167,11,2114
8138,congress_israel_haolami_2004-09,2572,2004-10-03_rb-shamati-061-ve-svivav_rus_rav_shiur_sitrin_autumn-seminar,4,6169,11,2116
8138,congress_israel_haolami_2004-09,2573,2004-10-03_xx_rus_rav_shiur_sitrin_autumn-seminar_mivne-olamot,4,6170,11,2116
8138,congress_israel_haolami_2004-09,2574,2004-10-04_rb-shamati-001-ein-od-milvado_rus_rav_shiur_sitrin_autumn-seminar,4,6178,11,2124
8138,congress_israel_haolami_2004-09,2575,2004-10-04_xx_rus_rav_shiur_sitrin_autumn-seminar_shiur-erev,4,6179,11,2124
8138,congress_israel_haolami_2004-09,2576,2004-10-05_xx_rus_rav_shiur_sitrin_autumn-seminar_shiur-boker,4,6180,11,2125
8138,congress_israel_haolami_2004-09,2577,2004-10-05_xx_rus_rav_shiur_sitrin_autumn-seminar_shiur-laila,4,6181,11,2125
8138,congress_israel_haolami_2004-09,2591,2004-10-06_rb-shamati-153-machshava-hi-tolada_rus_rav_shiur_sitrin_autumn-seminar,4,6184,11,2128
8138,congress_israel_haolami_2004-09,2595,2004-10-08_rb-1985-16-kne-lecha-haver_rus_rav_shiur_sitrin_autumn-seminar,4,6187,11,2130
8138,congress_israel_haolami_2004-09,2596,2004-10-08_ml-hok-echad_rus_rav_shiur_sitrin_autumn-seminar,4,6188,11,2130
8138,congress_israel_haolami_2004-09,2597,2004-10-08_bs-binyan-hevra-atidit_rus_rav_shiur_sitrin_autumn-seminar,4,6189,11,2131
8138,congress_israel_haolami_2004-09,2598,2004-10-08_rb-shamati-025-dvarim-ayotzim_rus_rav_shiur_sitrin_autumn-seminar,4,6190,11,2132
8138,congress_israel_haolami_2004-09,2599,2004-10-06_xx_rus_rav_shiur_sitrin_autumn-seminar_al-nefesh,4,6185,11,2128
8138,congress_israel_haolami_2004-09,2608,2004-10-07_xx_rus_rav_shiur_sitrin_autumn-seminar_shiur-boker,4,6186,11,2129
8138,congress_israel_haolami_2004-09,2661,2004-10-05_xx_rus_rav_shiur_sitrin_autumn-seminar_shiur-nashim,4,6183,11,2127
8053,congress_canada_2006,8317,2006-07-27_xx_rus_rav_shiur_toronto_01_congress,4,8381,11,3653
8053,congress_canada_2006,8324,2006-07-28_rb-shamati-036-gimel-bchinot-gufim_rus_rav_shiur_toronto_02_congress,4,8382,11,3654
8053,congress_canada_2006,8327,2006-07-28_xx_rus_rav_shiur_toronto_03_congress,4,8383,11,3654
8053,congress_canada_2006,8328,2006-07-28_xx_rus_rav_hodaot_toronto_03_congress,4,8384,11,3655
8053,congress_canada_2006,8329,2006-07-28_bs-matan-tora_rus_rav_shiur_toronto_04_congress_1,4,8385,11,3656
8053,congress_canada_2006,8330,2006-07-28_bs-matan-tora_rus_rav_shiur_toronto_04_congress_2,4,8386,11,3657
8053,congress_canada_2006,8332,2006-07-28_bs-aravut_rus_rav_shiur_toronto_05_congress,4,8387,11,3658
8053,congress_canada_2006,8334,2006-07-30_bs-ashalom_rus_rav_shiur_toronto_06_congress,4,8391,11,3661
8053,congress_canada_2006,8337,2006-07-28_xx_mlt_rav_atzaga_toronto_congress_opening,4,8388,11,3659
8053,congress_canada_2006,8338,2006-07-28_xx_rus_rav_sicha_toronto_congress_al-afatza,4,8389,11,3660
8053,congress_canada_2006,8339,2006-07-30_bs-maamar-le-sium-zohar_rus_rav_virtles_toronto_congress,4,8390,11,3661
8053,congress_canada_2006,8340,2006-07-30_xx_mlt_norav_atzaga_toronto_congress_erev-tarbut,4,8392,11,3662
8053,congress_canada_2006,8346,2006-07-30_xx_rus_rav_shiur_toronto_congress_nashim,4,8394,11,3664
4789,congress_usa_virtual_2013,46287,2013-11-08_rav_lesson_sheelot-likrat-kenes-america,4,20461,11,9448
4789,congress_usa_virtual_2013,46434,2013-11-15_rav_lesson_sheelot-likrat-kenes-america,4,20491,11,9455
4789,congress_usa_virtual_2013,46438,2013-11-16_rav_lesson_congress_n1,4,20497,11,9456
4789,congress_usa_virtual_2013,46443,2013-11-16_rav_lesson_congress_n2,4,20498,11,9456
4789,congress_usa_virtual_2013,46446,2013-11-16_rav_lesson_congress_n3,4,20499,11,9457
8031,congress_italy_2016,61836,2016-01-15_rav_lesson_congress_n1,4,23609,11,10153
8031,congress_italy_2016,61850,2016-01-17_rav_lesson_congress_n4,4,23622,11,10154
8031,congress_italy_2016,61837,2016-01-15_rav_lesson_congress_n2,4,23610,11,10153
8031,congress_italy_2016,61847,2016-01-15_rav_lesson_congress_n3,4,23618,11,10153
8027,congress_mexico_2017,68822,2017-05-02_rav_congress_lesson_n11,4,25961,11,10747
8027,congress_mexico_2017,68565,2017-04-07_rav_lesson_achana-le-kenes,4,25907,11,10735
8027,congress_mexico_2017,68723,2017-04-20_rav_lesson_achana-le-kenes_n1,4,25934,11,10739
8027,congress_mexico_2017,68823,2017-05-02_rav_congress_lesson_n12,4,25965,11,10747
8027,congress_mexico_2017,68725,2017-04-20_rav_lesson_achana-le-kenes_n2,4,25941,11,10739
8027,congress_mexico_2017,68733,2017-04-21_rav_lesson_achana-le-kenes_n2,4,25902,11,10734
8027,congress_mexico_2017,68826,2017-05-02_rav_congress_lesson_n13,4,25956,11,10747
8027,congress_mexico_2017,68830,2017-05-03_rav_congress_lesson_n14,4,25970,11,10747
8027,congress_mexico_2017,68745,2017-04-21_rav_lesson_achana-le-kenes_n3,4,25925,11,10734
8027,congress_mexico_2017,68746,2017-04-21_rav_lesson_achana-le-kenes_n4,4,25933,11,10734
8027,congress_mexico_2017,68833,2017-05-03_rav_congress_lesson_n15,4,25975,11,10747
8027,congress_mexico_2017,68748,2017-04-21_rav_lesson_achana-le-kenes_n5,4,25918,11,10734
8027,congress_mexico_2017,68764,2017-04-21_rav_lesson_achana-le-kenes_n6,4,25940,11,10734
8022,congress_chile_2006,8372,2006-08-04_rb-shamati-022-tora-lishma_heb_rav_shiur_chile_01_congress,4,8399,11,3667
8022,congress_chile_2006,8377,2006-08-04_xx_heb_rav_shiur_chile_02_congress,4,8400,11,3667
8022,congress_chile_2006,8378,2006-08-04_xx_heb_rav_shiur_chile_03_congress,4,8401,11,3668
8022,congress_chile_2006,8379,2006-08-06_xx_heb_rav_shiur_chile_04_congress,4,8402,11,3669
8022,congress_chile_2006,8383,2006-08-06_xx_heb_rav_shiur_chile_05_congress,4,8403,11,3669
8022,congress_chile_2006,8397,2006-08-08_xx_heb_rav_seuda_bb_al-congressim-toronto-chile,4,8406,11,3672
8022,congress_chile_2006,8402,2006-08-06_xx_heb_rav_sicha_chile_congress_nashim,4,8404,11,3670
8090,congress_usa_new-york_2009,18170,2009-04-19_eng_norav_promo_congress_new-york_15-may,4,12645,11,5960
8090,congress_usa_new-york_2009,18565,2009-05-15_rb-shamati-001-ein-od-milvado_heb_rav_lesson_ny_congress-lesson-1,4,12755,11,6003
8090,congress_usa_new-york_2009,18566,2009-05-15_xx_heb_rav_lesson_ny-congress-lesson-2,4,12757,11,6004
8090,congress_usa_new-york_2009,18567,2009-05-15_xx_mlt_norav_misc_ny-congress-yeshivat-haverim-1,4,12758,11,6005
8090,congress_usa_new-york_2009,18568,2009-05-15_xx_mlt_norav_misc_ny-congress-tarbut-erev,4,12759,11,6006
8090,congress_usa_new-york_2009,18569,2009-05-15_xx_mlt_rav_misc_ny-congress-opening,4,12760,11,6007
8090,congress_usa_new-york_2009,18570,2009-05-17_xx_heb_rav_lesson_ny_congress-lesson-3,4,12761,11,6008
8090,congress_usa_new-york_2009,18571,2009-05-17_xx_mlt_norav_misc_ny_congress-yeshivat-haverim-2,4,12762,11,6008
8090,congress_usa_new-york_2009,18572,2009-05-17_xx_mlt_rav_lesson_ny_congress-olam-yeladim,4,12763,11,6009
8090,congress_usa_new-york_2009,18573,2009-05-17_xx_mlt_rav_lesson_ny_congress-lesson-4-hinuch,4,12764,11,6010
8090,congress_usa_new-york_2009,18574,2009-05-17_xx_mlt_norav_misc_ny-congress-tarbut-erev,4,12765,11,6011
8090,congress_usa_new-york_2009,18599,2009-05-17_xx_heb_rav_lesson_ny_congress-lesson-5,4,12766,11,6012
8090,congress_usa_new-york_2009,18601,2009-05-17_xx_mlt_norav_misc_ny_congress-yeshivat-haverim-3,4,12767,11,6013
8094,congress_usa_new-jersey_2011,27354,2011-03-21_achana-new-jersey_heb_rav_lesson,4,15813,11,7344
8094,congress_usa_new-jersey_2011,27382,2011-03-22_achana-new-jersey_heb_rav_lesson_n2,4,15818,11,7345
8094,congress_usa_new-jersey_2011,27407,2011-03-23_achana-new-jersey_heb_rav_lesson_n3,4,15825,11,7348
8094,congress_usa_new-jersey_2011,27426,2011-03-24_achana-new-jersey_heb_rav_lesson_n4,4,15830,11,7349
8094,congress_usa_new-jersey_2011,27454,2011-03-27_achana-new-jersey_heb_rav_lesson_n5,4,15847,11,7357
8094,congress_usa_new-jersey_2011,27474,2011-03-28_achana-new-jersey_heb_rav_lesson_n6,4,15852,11,7359
8094,congress_usa_new-jersey_2011,27503,2011-03-30_eng_norav_music_kabbalah-hoveket-olam_symphonyspace,4,15859,11,7362
8094,congress_usa_new-jersey_2011,27519,2011-04-01_heb_rav_lesson_congress_n1,4,15864,11,7364
8094,congress_usa_new-jersey_2011,27522,2011-04-01_heb_rav_lesson_congress_n2,4,15865,11,7364
8094,congress_usa_new-jersey_2011,27525,2011-04-01_heb_rav_lesson_congress_n3,4,15867,11,7365
8094,congress_usa_new-jersey_2011,27527,2011-04-01_heb_rav_lesson_congress_n4,4,15868,11,7366
8094,congress_usa_new-jersey_2011,27528,2011-04-01_heb_rav_lesson_congress_n5,4,15869,11,7367
8094,congress_usa_new-jersey_2011,27533,2011-04-02_heb_rav_lesson_congress_n6,4,15871,11,7369
8094,congress_usa_new-jersey_2011,27534,2011-04-03_heb_rav_lesson_congress_n7,4,15873,11,7370
8094,congress_usa_new-jersey_2011,27542,2011-04-03_heb_rav_lesson_congress_n8,4,15874,11,7370
8094,congress_usa_new-jersey_2011,27554,2011-04-05_sikum-kenes-olami_heb_norav_lesson,4,15878,11,7372
8094,congress_usa_new-jersey_2011,29061,2011-04-02_heb_rav_lesson_congress_n5,4,15872,11,7369
8095,congress_usa_new-jersey_2012,32724,2012-05-11_heb_rav_lesson_congress_n1,4,17729,11,8210
8095,congress_usa_new-jersey_2012,32726,2012-05-12_heb_rav_lesson_congress_n2,4,17730,11,8211
8095,congress_usa_new-jersey_2012,32729,2012-05-12_heb_rav_lesson_congress_n3,4,17731,11,8211
8095,congress_usa_new-jersey_2012,32732,2012-05-13_heb_rav_lesson_congress_n4,4,17732,11,8212
8095,congress_usa_new-jersey_2012,32736,2012-05-13_heb_rav_lesson_congress_n5,4,17733,11,8212
7988,congress-israel_haolami_2017,67993,2017-02-19_rav_lesson_achana,4,25230,11,10460
7988,congress-israel_haolami_2017,68026,2017-02-24_norav_lesson_achana,4,25265,11,10467
7988,congress-israel_haolami_2017,67605,2017-01-24_rav_lesson_kulanu-keehad,4,25107,11,10438
7988,congress-israel_haolami_2017,67468,2017-01-17_rav_lesson_kulanu-keehad,4,25079,11,10432
7988,congress-israel_haolami_2017,67532,2017-01-22_rav_lesson_kulanu-keehad,4,25087,11,10434
7988,congress-israel_haolami_2017,67542,2017-01-23_rav_lesson_kulanu-keehad,4,25093,11,10436
7988,congress-israel_haolami_2017,67642,2017-01-26_rav_lesson_kulanu-keehad,4,25115,11,10440
7988,congress-israel_haolami_2017,67612,2017-01-25_rav_lesson_kulanu-keehad_1,4,25109,11,10439
7988,congress-israel_haolami_2017,67519,2017-01-20_rav_lesson_kulanu-keehad,4,25051,11,10428
7988,congress-israel_haolami_2017,68027,2017-02-24_rav_lesson_sheelot-ve-tshuvot_1,4,25266,11,10467
7988,congress-israel_haolami_2017,67655,2017-01-27_rav_lesson_kulanu-keehad_1,4,25125,11,10441
7988,congress-israel_haolami_2017,68008,2017-02-21_rav_lesson_congress_n1,4,25239,11,10462
7988,congress-israel_haolami_2017,67501,2017-01-19_rav_lesson_kulanu-keehad,4,25071,11,10430
7988,congress-israel_haolami_2017,67482,2017-01-18_rav_lesson_kulanu-keehad,4,25083,11,10433
7988,congress-israel_haolami_2017,67994,2017-02-19_rav_lesson_achana-le-kenes_1,4,25229,11,10460
7988,congress-israel_haolami_2017,68003,2017-02-20_rav_lesson_achana-le-kenes_1,4,25231,11,10461
7988,congress-israel_haolami_2017,67656,2017-01-27_rav_lesson_kulanu-keehad_2,4,25124,11,10441
7988,congress-israel_haolami_2017,68004,2017-02-20_rav_lesson_achana-le-kenes_2,4,25233,11,10461
7988,congress-israel_haolami_2017,68094,2017-03-03_rav_lesson_sheelot-ve-tshuvot,4,25256,11,10466
7988,congress-israel_haolami_2017,67995,2017-02-19_rav_lesson_achana-le-kenes_2,4,25228,11,10460
7988,congress-israel_haolami_2017,67613,2017-01-25_rav_lesson_kulanu-keehad_2,4,25110,11,10439
7988,congress-israel_haolami_2017,68029,2017-02-24_rav_lesson_sheelot-ve-tshuvot_2,4,25268,11,10467
7988,congress-israel_haolami_2017,68010,2017-02-21_rav_lesson_congress_n2,4,25240,11,10462
7988,congress-israel_haolami_2017,68030,2017-02-24_norav_lesson_achana-2,4,25269,11,10467
7988,congress-israel_haolami_2017,67526,2017-01-20_rav_lesson_hayeush-ba-derech_1,4,25050,11,10428
7988,congress-israel_haolami_2017,68012,2017-02-21_rav_lesson_congress_n3,4,25241,11,10462
7988,congress-israel_haolami_2017,67527,2017-01-20_rav_lesson_hayeush-ba-derech_2,4,25049,11,10428
7988,congress-israel_haolami_2017,67986,2017-02-17_rav_lesson_achana-le-kenes,4,25218,11,10459
7988,congress-israel_haolami_2017,67990,2017-02-17_rav_lesson_achana-le-kenes_2,4,25223,11,10459
7988,congress-israel_haolami_2017,68015,2017-02-22_rav_lesson_congress_n4,4,25235,11,10462
7988,congress-israel_haolami_2017,67529,2017-01-20_rav_lesson_hayeush-ba-derech_3,4,25052,11,10428
7988,congress-israel_haolami_2017,67989,2017-02-17_rav_lesson_achana-le-kenes_3,4,25221,11,10459
7988,congress-israel_haolami_2017,67991,2017-02-17_rav_lesson_achana-le-kenes_4,4,25219,11,10459
7988,congress-israel_haolami_2017,68017,2017-02-22_rav_lesson_congress_n5,4,25234,11,10462
7988,congress-israel_haolami_2017,68019,2017-02-22_rav_lesson_congress_n6,4,25236,11,10462
7988,congress-israel_haolami_2017,68022,2017-02-23_rav_lesson_congress_n7,4,25237,11,10462
7988,congress-israel_haolami_2017,68024,2017-02-23_rav_lesson_congress_n8,4,25238,11,10462
8038,congress_england_2008,16266,2008-11-07_xx_heb_rav_shiur_blackpool_congress-lesson-1,4,11851,11,5603
8038,congress_england_2008,16267,2008-11-07_xx_heb_rav_shiur_blackpool_congress-lesson-2,4,11852,11,5603
8038,congress_england_2008,16268,2008-11-07_xx_mlt_norav_concert_blackpool_congress-erev-tarbut-1,4,11853,11,5604
8038,congress_england_2008,16269,2008-11-07_xx_heb_rav_yhaverim_blackpool_congress,4,11854,11,5605
8038,congress_england_2008,16270,2008-11-07_xx_heb_rav_shiur_blackpool_congress-lesson-3,4,11855,11,5606
8038,congress_england_2008,16271,2008-11-09_xx_heb_rav_shiur_blackpool_congress-lesson-4,4,11858,11,5609
8038,congress_england_2008,16272,2008-11-09_xx_heb_rav_shiur_blackpool_congress-lesson-5,4,11859,11,5609
8038,congress_england_2008,16383,2008-11-09_xx_mlt_norav_atzaga_blackpool_congress-erev-tarbut-2,4,11860,11,5610
8042,congress_germany_2009,19064,2009-06-19_xx_rus_rav_lesson_berlin_congress-lesson-1,4,12898,11,6052
8042,congress_germany_2009,19065,2009-06-19_xx_mlt_norav_misc_berlin_congress-yeshivat-haverim,4,12899,11,6052
8042,congress_germany_2009,19067,2009-06-19_xx_rus_rav_lesson_berlin_congress-lesson-2,4,12900,11,6053
8042,congress_germany_2009,19068,2009-06-19_xx_mlt_norav_misc_berlin_congress-yeshivat-haverim-2,4,12901,11,6054
8042,congress_germany_2009,19069,2009-06-21_xx_rus_rav_lesson_berlin_congress-lesson-3,4,12903,11,6056
8042,congress_germany_2009,19072,2009-06-19_xx_mlt_norav_misc_berlin_congress-erev-tarbut,4,12902,11,6055
8042,congress_germany_2009,19077,2009-06-21_xx_rus_rav_lesson_berlin_congress-lesson-4,4,12904,11,6056
8044,congress_turkey_2009,20690,2009-10-22_xx_rus_rav_lesson_antalya_congress-lesson-1,4,13359,11,6241
8044,congress_turkey_2009,20695,2009-10-23_xx_rus_rav_lesson_antalya_congress-lesson-2,4,13361,11,6242
8044,congress_turkey_2009,20698,2009-10-23_xx_rus_rav_lesson_antalya_congress-lesson-3,4,13360,11,6242
8044,congress_turkey_2009,20699,2009-10-23_xx_rus_rav_lesson_antalya_congress-lesson-4,4,13362,11,6243
8044,congress_turkey_2009,20700,2009-10-25_xx_rus_rav_lesson_antalya_congress-lesson-5-children,4,13363,11,6244
8044,congress_turkey_2009,20701,2009-10-25_xx_rus_rav_lesson_antalya_congress-lesson-5-women,4,13364,11,6244
8044,congress_turkey_2009,20703,2009-10-25_xx_rus_rav_lesson_antalya_congress-lesson-6,4,13365,11,6245
4689,congress_usa_miami_2012,33673,2012-06-23_heb_rav_lesson_congress_n1,4,18029,11,8379
4689,congress_usa_miami_2012,33674,2012-06-23_heb_rav_lesson_congress_n2,4,18030,11,8379
4689,congress_usa_miami_2012,33676,2012-06-23_heb_rav_lesson_congress_n3,4,18031,11,8380
4689,congress_usa_miami_2012,33686,2012-06-24_heb_rav_lesson_congress_n4,4,18032,11,8381
8057,congress_georgia_2012,36766,2012-11-05_heb_rav_lesson_congress_n1,4,18647,11,8613
8057,congress_georgia_2012,36773,2012-11-05_heb_rav_lesson_congress_n2,4,18650,11,8614
8057,congress_georgia_2012,36774,2012-11-05_heb_rav_lesson_congress_n3,4,18651,11,8615
8077,congress_russia_petersburg_2013,44409,2013-07-11_rav_lesson_congress_n0,4,20116,11,9334
8077,congress_russia_petersburg_2013,44412,2013-07-12_rav_lesson_congress_n1,4,20117,11,9335
8077,congress_russia_petersburg_2013,44415,2013-07-12_rav_lesson_congress_n2,4,20118,11,9335
8077,congress_russia_petersburg_2013,44417,2013-07-12_rav_lesson_congress_n3,4,20119,11,9336
8077,congress_russia_petersburg_2013,44422,2013-07-12_rav_lesson_congress_n4,4,20120,11,9337
8077,congress_russia_petersburg_2013,44428,2013-07-12_rav_lesson_congress_n5,4,20121,11,9338
8077,congress_russia_petersburg_2013,44430,2013-07-12_rav_lesson_congress_n6,4,20122,11,9339
8127,congress_italy_2017,69580,2017-06-25_rav_lesson_al-kol-pshaim-tehase-ahava_n1_p1,4,26023,11,10757
8127,congress_italy_2017,69590,2017-06-26_rav_lesson_achana-le-kenes_n1_p1,4,26032,11,10758
8127,congress_italy_2017,69602,2017-06-27_rav_lesson_achana-le-kenes_n1_p1,4,26040,11,10761
8127,congress_italy_2017,69627,2017-06-28_rav_lesson_achana-le-kenes_n1_p1,4,26051,11,10762
8127,congress_italy_2017,69642,2017-06-29_rav_lesson_achana-le-kenes_n1_p1,4,26063,11,10764
8127,congress_italy_2017,69872,2017-07-16_rav_lesson_achana-le-kenes_n1_p1,4,26241,11,10795
8127,congress_italy_2017,69879,2017-07-17_rav_lesson_achana-le-kenes_n1_p1,4,26259,11,10797
8127,congress_italy_2017,69891,2017-07-18_rav_lesson_achana-le-kenes_n1_p1,4,26273,11,10799
8127,congress_italy_2017,69901,2017-07-19_rav_lesson_achana-le-kenes_n1_p1,4,26283,11,10800
8127,congress_italy_2017,69918,2017-07-20_rav_lesson_achana-le-kenes_n1_p1,4,26295,11,10802
8127,congress_italy_2017,69938,2017-07-21_rav_lesson_achana-le-kenes_n1_p1,4,26309,11,10804
8127,congress_italy_2017,69944,2017-07-21_rav_lesson_achana-le-kenes_n3_p1,4,26322,11,10807
