catalog_id,catalog,container_id,container,type_id,content_type,event_part_type
8042,congress_germany_2009,19073,2009-06-21_xx_mlt_norav_misc_berlin_congress-erev-tarbut,4,EVENT_PART,EREV_TARBUT
8112,congress_israel_haolami_2011,30387,2011-12-04_heb_norav_program_congress_yeshivat-haverim,1,FRIENDS_GATHERING,
8112,congress_israel_haolami_2011,30389,2011-12-06_heb_norav_program_congress_hofaa-kavemtzai,1,EVENT_PART,EVENT
8112,congress_israel_haolami_2011,30390,2011-12-06_heb_norav_program_congress_hofaa-vgru,1,EVENT_PART,EVENT
8112,congress_israel_haolami_2011,30391,2011-12-06_heb_rav_program_congress_tekes-ptiha,1,EVENT_PART,TEKES_PTIHA
8112,congress_israel_haolami_2011,30393,2011-12-06_heb_norav_program_congress_presentation,1,EVENT_PART,ATZAGAT_PROEKT
8112,congress_israel_haolami_2011,30394,2011-12-06_heb_norav_program_congress_hofaa-motimor,1,EVENT_PART,EVENT
8112,congress_israel_haolami_2011,30397,2011-12-06_heb_norav_program_congress_hofaa-zhalaf,1,EVENT_PART,EVENT
8112,congress_israel_haolami_2011,30399,2011-12-07_heb_rav_program_congress_presentation-hinuh,1,EVENT_PART,ATZAGAT_PROEKT
8112,congress_israel_haolami_2011,30400,2011-12-07_heb_norav_program_congress_hofaa-sbreitman,1,EVENT_PART,EVENT
8112,congress_israel_haolami_2011,30403,2011-12-07_heb_norav_program_congress_yeshivat-haverim,1,FRIENDS_GATHERING,
8112,congress_israel_haolami_2011,30406,2011-12-07_heb_norav_program_congress_hofaa-doraharon,1,EVENT_PART,EVENT
8112,congress_israel_haolami_2011,30408,2011-12-07_heb_rav_program_congress_hofaa-duhin,1,EVENT_PART,EVENT
8112,congress_israel_haolami_2011,30410,2011-12-08_heb_norav_program_congress_yeshivat-haverim,1,FRIENDS_GATHERING,
8112,congress_israel_haolami_2011,30411,2011-12-08_heb_norav_program_congress_yeshivat-haverim-3,1,FRIENDS_GATHERING,
8112,congress_israel_haolami_2011,30412,2011-12-08_heb_norav_program_congress_karnaval-hibur,1,EVENT_PART,EVENT
8112,congress_israel_haolami_2011,30414,2011-12-08_heb_rav_program_congress_tekes-sium,1,EVENT_PART,TEKES_SIYUM
8112,congress_israel_haolami_2011,30511,2011-12-05_heb_norav_clip_congress_netzotzot,2,CLIP,
8112,congress_israel_haolami_2011,30562,2011-12-08_heb_rav_clip_congress_habahir,2,CLIP,
8112,congress_israel_haolami_2011,30746,2011-12-07_heb_norav_program_congress_hofaa-set-doraharon,1,EVENT_PART,EVENT
8112,congress_israel_haolami_2011,31111,2011-12-08_heb_norav_program_congress_hofaa-motimor,1,EVENT_PART,EVENT
8061,congress_bulgaria_2013,46155,2013-10-27_norav_program_sadna_congress-bulgaria,1,LESSON_PART,
8061,congress_bulgaria_2013,46213,2013-11-01_rav_program_congress_pticha,1,EVENT_PART,TEKES_PTIHA
8061,congress_bulgaria_2013,46214,2013-11-01_norav_program_congress_sadna-1,1,LESSON_PART,
8061,congress_bulgaria_2013,46216,2013-11-01_rav_program_congress_sadna-2,1,LESSON_PART,
8061,congress_bulgaria_2013,46221,2013-11-01_norav_program_congress_sadna-4,1,LESSON_PART,
8061,congress_bulgaria_2013,46222,2013-11-01_norav_program_congress_sadna-3,1,LESSON_PART,
8061,congress_bulgaria_2013,46223,2013-11-01_norav_program_congress_yeshivat-haverim-2,1,FRIENDS_GATHERING,
8061,congress_bulgaria_2013,46224,2013-11-01_norav_program_congress_yeshivat-haverim-1,1,FRIENDS_GATHERING,
8061,congress_bulgaria_2013,46225,2013-11-01_rav_program_congress_sadna-5,1,LESSON_PART,
8061,congress_bulgaria_2013,46226,2013-11-01_norav_program_congress_yeshivat-haverim-3,1,FRIENDS_GATHERING,
8061,congress_bulgaria_2013,46227,2013-11-01_norav_program_congress_sadna-6,1,LESSON_PART,
8061,congress_bulgaria_2013,46234,2013-11-01_norav_program_congress_yeshivat-haverim-4,1,FRIENDS_GATHERING,
8061,congress_bulgaria_2013,46236,2013-11-01_rav_program_congress_sadna-7,1,LESSON_PART,
8061,congress_bulgaria_2013,46237,2013-11-01_rav_program_congress_sadna-8,1,LESSON_PART,
4789,congress_usa_virtual_2013,46369,2013-11-10_rav_program_sihot_congress-one-america,1,VIDEO_PROGRAM_CHAPTER,
4789,congress_usa_virtual_2013,46437,2013-11-16_norav_program_congress_yeshivat-haverim-1,1,FRIENDS_GATHERING,
4789,congress_usa_virtual_2013,46439,2013-11-16_rav_program_congress_sadna-1,1,LESSON_PART,
4789,congress_usa_virtual_2013,46442,2013-11-16_norav_program_congress_yeshivat-haverim-2,1,FRIENDS_GATHERING,
4789,congress_usa_virtual_2013,46444,2013-11-16_rav_program_congress_sadna-2,1,LESSON_PART,
4789,congress_usa_virtual_2013,46445,2013-11-16_norav_program_congress_yeshivat-haverim-3,1,FRIENDS_GATHERING,
4789,congress_usa_virtual_2013,46447,2013-11-16_norav_program_congress_yeshivat-haverim-4,1,FRIENDS_GATHERING,
8114,congress_israel_haolami_2015,56078,2015-03-09_rav_program_congress_panel-afatza-1,1,EVENT_PART,ATZAGAT_PROEKT
8114,congress_israel_haolami_2015,56101,2015-03-13_norav_program_congress_yeshivat-haverim-6,1,FRIENDS_GATHERING,
8114,congress_israel_haolami_2015,56083,2015-03-11_norav_program_congress_yeshivat-haverim-1,1,FRIENDS_GATHERING,
8114,congress_israel_haolami_2015,56093,2015-03-12_norav_program_congress_yeshivat-haverim-3,1,FRIENDS_GATHERING,
8114,congress_israel_haolami_2015,56086,2015-03-11_norav_program_congress_achana-1,1,LESSON_PART,
8114,congress_israel_haolami_2015,56095,2015-03-12_norav_program_congress_achana-3,1,LESSON_PART,
8114,congress_israel_haolami_2015,56104,2015-03-13_rav_program_congress_tekes-siyum,1,EVENT_PART,TEKES_SIYUM
8114,congress_israel_haolami_2015,56087,2015-03-11_norav_program_congress_yeshivat-haverim-2,1,FRIENDS_GATHERING,
8114,congress_israel_haolami_2015,56096,2015-03-12_norav_program_congress_yeshivat-haverim-4,1,FRIENDS_GATHERING,
8114,congress_israel_haolami_2015,56097,2015-03-12_norav_program_congress_achana-4,1,LESSON_PART,
8114,congress_israel_haolami_2015,56089,2015-03-11_norav_program_congress_achana-2,1,LESSON_PART,
8114,congress_israel_haolami_2015,56099,2015-03-12_norav_program_congress_yeshivat-haverim-5,1,FRIENDS_GATHERING,
8114,congress_israel_haolami_2015,56100,2015-03-12_norav_program_congress_hofaa-moti-mor,1,EVENT_PART,EVENT
8114,congress_israel_haolami_2015,56092,2015-03-11_norav_program_congress_hofaa-duhin,1,EVENT_PART,EVENT
8100,congress_usa_new-jersey_2017,68868,2017-05-05_norav_congress_yeshivat-haverot,1,FRIENDS_GATHERING,
8100,congress_usa_new-jersey_2017,68835,2017-05-05_norav_congress_yeshivat-haverim_n16,1,FRIENDS_GATHERING,
8100,congress_usa_new-jersey_2017,68838,2017-05-05_norav_congress_yeshivat-haverim_n17,1,FRIENDS_GATHERING,
8100,congress_usa_new-jersey_2017,68840,2017-05-05_norav_congress_yeshivat-haverim_n18,1,FRIENDS_GATHERING,
8100,congress_usa_new-jersey_2017,68851,2017-05-05_norav_congress_yeshivat-haverim_sikum-yom-1,1,FRIENDS_GATHERING,
8100,congress_usa_new-jersey_2017,68843,2017-05-05_norav_congress_yeshivat-haverim_n19,1,FRIENDS_GATHERING,
8100,congress_usa_new-jersey_2017,68846,2017-05-05_norav_congress_yeshivat-haverim_n20,1,FRIENDS_GATHERING,
8100,congress_usa_new-jersey_2017,68852,2017-05-07_norav_congress_yeshivat-haverim_sikum-yom-2,1,FRIENDS_GATHERING,
8100,congress_usa_new-jersey_2017,68854,2017-05-07_norav_congress_yeshivat-haverim_n21,16,FRIENDS_GATHERING,
8100,congress_usa_new-jersey_2017,68860,2017-05-07_rav_congress_yeshivat-haverim_sikum-yom-3,16,FRIENDS_GATHERING,
4693,congress_ukraine_kharkov_2012,34424,2012-07-29_rus_rav_program_integral-social_congress-harkov-voprosi,1,VIDEO_PROGRAM_CHAPTER,
4693,congress_ukraine_kharkov_2012,35030,2012-08-17_heb_rav_program_congress_sadna-1,1,LESSON_PART,
4693,congress_ukraine_kharkov_2012,35032,2012-08-17_heb_rav_program_congress_sadna-2,1,LESSON_PART,
4693,congress_ukraine_kharkov_2012,35033,2012-08-17_heb_rav_program_congress_sadna-3,1,LESSON_PART,
4693,congress_ukraine_kharkov_2012,35035,2012-08-17_heb_rav_program_congress_sadna-4,1,LESSON_PART,
4693,congress_ukraine_kharkov_2012,35037,2012-08-17_heb_rav_program_congress_sadna-5,1,LESSON_PART,
4693,congress_ukraine_kharkov_2012,35040,2012-08-17_heb_rav_program_congress_sadna-6,1,LESSON_PART,
4693,congress_ukraine_kharkov_2012,35045,2012-08-17_heb_rav_program_congress_sadna-7,1,LESSON_PART,
4693,congress_ukraine_kharkov_2012,35047,2012-08-17_heb_rav_program_congress_yeshivat-haverim,1,FRIENDS_GATHERING,
4693,congress_ukraine_kharkov_2012,36064,2012-08-17_rus_rav_clip_congress_edinoe-mnenie,2,CLIP,
4693,congress_ukraine_kharkov_2012,36065,2012-08-17_rus_rav_clip_congress_kak-poniat-cho-ya-egoist,2,CLIP,
4693,congress_ukraine_kharkov_2012,36066,2012-08-17_rus_rav_clip_congress_kak-odin-chelovek,2,CLIP,
4693,congress_ukraine_kharkov_2012,36067,2012-08-17_rus_rav_clip_congress_molitva-mnogih,2,CLIP,
4693,congress_ukraine_kharkov_2012,36068,2012-08-17_rus_rav_clip_congress_istinoe-zhelanie-otdachi,2,CLIP,
4693,congress_ukraine_kharkov_2012,36069,2012-08-17_rus_rav_clip_congress_kak-vkluchitsia-v-drugih,2,CLIP,
4693,congress_ukraine_kharkov_2012,36070,2012-08-17_rus_rav_clip_congress_molitva-za-tovarishei,2,CLIP,
4693,congress_ukraine_kharkov_2012,36071,2012-08-17_rus_rav_clip_congress_poisk-budushego-sostoiania,2,CLIP,
4693,congress_ukraine_kharkov_2012,36072,2012-08-17_rus_rav_clip_congress_oshushenie-roazhdenia,2,CLIP,
4693,congress_ukraine_kharkov_2012,36073,2012-08-17_rus_rav_clip_congress_poprosit-za-vseh,2,CLIP,
4693,congress_ukraine_kharkov_2012,36088,2012-08-17_rus_rav_clip_congress_v-poiskah-pervoprichini,2,CLIP,
4693,congress_ukraine_kharkov_2012,36089,2012-08-17_rus_rav_clip_congress_universalnaia-molitva,2,CLIP,
4693,congress_ukraine_kharkov_2012,36093,2012-08-17_rus_rav_clip_congress_pravilnaia-prosba,2,CLIP,
4693,congress_ukraine_kharkov_2012,36094,2012-08-17_rus_rav_clip_congress_trepet-pered-tvortzom,2,CLIP,
4693,congress_ukraine_kharkov_2012,36417,2012-08-17_rus_rav_clip_congress_igra-tvortza,2,CLIP,
4693,congress_ukraine_kharkov_2012,36418,2012-08-17_rus_rav_clip_congress_ia-i-semia,2,CLIP,
4693,congress_ukraine_kharkov_2012,36419,2012-08-17_rus_rav_clip_congress_angeli,2,CLIP,
4693,congress_ukraine_kharkov_2012,36421,2012-08-17_rus_rav_clip_congress_igra-v-sledushee-sostoianie,2,CLIP,
4693,congress_ukraine_kharkov_2012,36422,2012-08-17_rus_rav_clip_congress_kak-pomoch-tovarishu,2,CLIP,
4693,congress_ukraine_kharkov_2012,36423,2012-08-17_rus_rav_clip_congress_kak-pomoch-tvortu,2,CLIP,
4693,congress_ukraine_kharkov_2012,36424,2012-08-17_rus_rav_clip_congress_molitsa-za-muzha,2,CLIP,
4693,congress_ukraine_kharkov_2012,36425,2012-08-17_rus_rav_clip_congress_molitva-odinochki,2,CLIP,
4693,congress_ukraine_kharkov_2012,36426,2012-08-17_rus_rav_clip_congress_pravilnoe-obedinenie,2,CLIP,
4693,congress_ukraine_kharkov_2012,36427,2012-08-17_rus_rav_clip_congress_pole-otdachi,2,CLIP,
4693,congress_ukraine_kharkov_2012,36428,2012-08-17_rus_rav_clip_congress_polnii-egoist,2,CLIP,
4693,congress_ukraine_kharkov_2012,36429,2012-08-17_rus_rav_clip_congress_obedinenie-v-kruge,2,CLIP,
4693,congress_ukraine_kharkov_2012,36430,2012-08-17_rus_rav_clip_congress_rab-naslazhdenia,2,CLIP,
4693,congress_ukraine_kharkov_2012,36431,2012-08-17_rus_rav_clip_congress_vopros-iz-razuma-ili-serdtza,2,CLIP,
4693,congress_ukraine_kharkov_2012,36432,2012-08-17_rus_rav_clip_congress_reshenie-voprosov,2,CLIP,
4693,congress_ukraine_kharkov_2012,36433,2012-08-17_rus_rav_clip_congress_zhelania-tovarishei,2,CLIP,
4693,congress_ukraine_kharkov_2012,36434,2012-08-17_rus_rav_clip_congress_zeir-anpin-i-malhut,2,CLIP,
4693,congress_ukraine_kharkov_2012,36435,2012-08-17_rus_rav_clip_congress_vishe-skorosti-sveta,2,CLIP,
4693,congress_ukraine_kharkov_2012,36436,2012-08-17_rus_rav_clip_congress_vnutrennee-ustremlrnia,2,CLIP,
4693,congress_ukraine_kharkov_2012,36437,2012-08-17_rus_rav_clip_congress_sekret-molitvi,2,CLIP,
4693,congress_ukraine_kharkov_2012,36438,2012-08-17_rus_rav_clip_congress_soprotivlenie,2,CLIP,
4693,congress_ukraine_kharkov_2012,36439,2012-08-17_rus_rav_clip_congress_soedinenie-muzhs-i-zhens-chastei,2,CLIP,
4693,congress_ukraine_kharkov_2012,36440,2012-08-17_rus_rav_clip_congress_vzaimnoe-poruchitelstvo,2,CLIP,
4693,congress_ukraine_kharkov_2012,36441,2012-08-17_rus_rav_clip_congress_pravilnoe-obrashenie-k-tvortzu,2,CLIP,
4693,congress_ukraine_kharkov_2012,36442,2012-08-17_rus_rav_clip_congress_osoznanie-zla,2,CLIP,
4693,congress_ukraine_kharkov_2012,36443,2012-08-17_rus_rav_clip_congress_samaia-prostaia-prosba,2,CLIP,
4693,congress_ukraine_kharkov_2012,36444,2012-08-17_rus_rav_clip_congress_tochnost-tzeli,2,CLIP,
8056,congress_france_2014,51030,2014-05-09_rav_program_congress_sadna-1,1,LESSON_PART,
8056,congress_france_2014,51032,2014-05-09_rav_program_congress_sadna-2,1,LESSON_PART,
8056,congress_france_2014,51036,2014-05-09_rav_program_congress_sadna-3,1,LESSON_PART,
8056,congress_france_2014,51041,2014-05-09_rav_program_congress_sadna-4,1,LESSON_PART,
8056,congress_france_2014,51042,2014-05-09_norav_program_congress_yeshivat-haverim-2,1,FRIENDS_GATHERING,
4742,congress_usa_san-francisco_2005,4204,Clip_ConferenceSciencedMeetsKabbalah_03-2005,4,LECTURE,
4742,congress_usa_san-francisco_2005,4299,ScienceMeetsKabbalah_JCC_22-03-05_1,4,LECTURE,
4742,congress_usa_san-francisco_2005,4300,ScienceMeetsKabbalah_MarriotHotel_22-03-05_1,4,LECTURE,
4742,congress_usa_san-francisco_2005,4301,ScienceMeetsKabbalah_MarriotHotel_23-03-05_1,4,LECTURE,
4742,congress_usa_san-francisco_2005,4698,AlAmericanTour_20-06-06,4,LECTURE,
4742,congress_usa_san-francisco_2005,4710,2005-03-21_xx_heb_rav_artzaa_san-francisco,4,LECTURE,
4742,congress_usa_san-francisco_2005,4991,Sicha_NashimUSA_18-03-05,4,LECTURE,
4742,congress_usa_san-francisco_2005,5196,ScienceMeetsKabbalah_MarriotHotel_22-03-05_2,4,LECTURE,
4742,congress_usa_san-francisco_2005,5197,ScienceMeetsKabbalah_MarriotHotel_22-03-05_3,4,LECTURE,
4742,congress_usa_san-francisco_2005,5198,ScienceMeetsKabbalah_MarriotHotel_23-03-05_2,4,LECTURE,
4742,congress_usa_san-francisco_2005,5208,ScienceMeetsKabbalah_JCC_22-03-05_2,4,LECTURE,
4742,congress_usa_san-francisco_2005,5210,2005-03-23_xx_heb_rav_artzaa_san-francisco_marriot-hotel-tiller,4,LECTURE,
4742,congress_usa_san-francisco_2005,5211,2005-03-23_xx_heb_rav_artzaa_san-francisco_marriot-hotel-satinover,4,LECTURE,
4742,congress_usa_san-francisco_2005,5212,2005-03-23_xx_heb_rav_artzaa_san-francisco_marriot-hotel-wolf,4,LECTURE,
8099,congress_usa_new-jersey_2016,63540,2016-05-01_rav_program_sihot_kenes-america,1,VIDEO_PROGRAM_CHAPTER,
8099,congress_usa_new-jersey_2016,63769,2016-05-20_norav_program_congress_yeshivat-haverim-0,1,FRIENDS_GATHERING,
8099,congress_usa_new-jersey_2016,63770,2016-05-20_norav_program_congress_yeshivat-haverim-1,1,FRIENDS_GATHERING,
8099,congress_usa_new-jersey_2016,63773,2016-05-20_norav_program_congress_yeshivat-haverim-2,1,FRIENDS_GATHERING,
8099,congress_usa_new-jersey_2016,63775,2016-05-20_norav_program_congress_yeshivat-haverim-3,1,FRIENDS_GATHERING,
8099,congress_usa_new-jersey_2016,63779,2016-05-20_norav_program_congress_yeshivat-haverim-4,1,FRIENDS_GATHERING,
8099,congress_usa_new-jersey_2016,63781,2016-05-20_norav_program_congress_yeshivat-haverim-5,1,FRIENDS_GATHERING,
8099,congress_usa_new-jersey_2016,63786,2016-05-20_norav_program_congress_yeshivat-haverim-6,1,FRIENDS_GATHERING,
8099,congress_usa_new-jersey_2016,63787,2016-05-20_norav_program_congress_yeshivat-haverim-7,1,FRIENDS_GATHERING,
8099,congress_usa_new-jersey_2016,63817,2016-05-20_norav_program_congress_yeshivat-haverim-8,1,FRIENDS_GATHERING,
3997,congress_usa_buffalo_2009,20605,2009-10-16_xx_heb_rav_lecture_buffalo_congress-introduction-talk,5,FULL_LESSON,
3997,congress_usa_buffalo_2009,20612,2009-10-18_xx_mlt_norav_misc_buffalo_congress-yeshivat-haverim-2,4,FRIENDS_GATHERING,
3997,congress_usa_buffalo_2009,20613,2009-10-16_xx_mlt_norav_misc_buffalo_congress-yeshivat-haverim-1,4,FRIENDS_GATHERING,
3997,congress_usa_buffalo_2009,20614,2009-10-16_xx_mlt_norav_misc_buffalo_congress-cultural-program-1,1,EVENT_PART,EREV_TARBUT
3997,congress_usa_buffalo_2009,20615,2009-10-16_xx_heb_rav_misc_buffalo_opening-ceremony,4,EVENT_PART,TEKES_PTIHA
3997,congress_usa_buffalo_2009,20619,2009-10-18_xx_mlt_norav_misc_buffalo_congress-cultural-program-2,1,EVENT_PART,EREV_TARBUT
3997,congress_usa_buffalo_2009,20630,2009-10-18_xx_mlt_norav_misc_buffalo_congress-yeshivat-haverim-3,4,FRIENDS_GATHERING,
8144,congress_israel_haolami_2010-07,24084,2010-07-23_heb_norav_program_shevet-ahim,1,VIDEO_PROGRAM_CHAPTER,
8144,congress_israel_haolami_2010-07,24087,2010-07-24_xx_heb_norav_program_kulanu-yahad_congress,1,VIDEO_PROGRAM_CHAPTER,
8144,congress_israel_haolami_2010-07,24097,2010-07-25_xx_mlt_norav_program_yeshivat-haverim_congress,1,FRIENDS_GATHERING,
8144,congress_israel_haolami_2010-07,24102,2010-07-25_xx_heb_rav_lecture_ta_erev-ihud_mega_congress,5,EVENT_PART,EREV_PATUAH
8096,congress_usa_new-jersey_2013,42443,2013-05-05_rav_program_sihot_ahana-lekenes-america,1,VIDEO_PROGRAM_CHAPTER,
8096,congress_usa_new-jersey_2013,42552,2013-05-10_rav_program_congress_sadna-1,1,LESSON_PART,
8096,congress_usa_new-jersey_2013,42553,2013-05-10_rav_program_congress_sadna-sheelot-1,1,LESSON_PART,
8096,congress_usa_new-jersey_2013,42555,2013-05-10_norav_program_congress_yeshivat-haverim-1,1,FRIENDS_GATHERING,
8096,congress_usa_new-jersey_2013,42556,2013-05-10_norav_program_congress_erev-tarbut-1,1,EVENT_PART,EREV_TARBUT
8096,congress_usa_new-jersey_2013,42558,2013-05-10_rav_program_congress_sadna-2,1,LESSON_PART,
8096,congress_usa_new-jersey_2013,42560,2013-05-10_rav_program_congress_sadna-sheelot-3,1,LESSON_PART,
8096,congress_usa_new-jersey_2013,42561,2013-05-10_rav_program_congress_sadna-3,1,LESSON_PART,
8096,congress_usa_new-jersey_2013,42562,2013-05-10_rav_program_congress_sadna-sheelot-2,1,LESSON_PART,
8096,congress_usa_new-jersey_2013,42563,2013-05-10_rav_lesson_congress_n5,4,LESSON_PART,
8096,congress_usa_new-jersey_2013,42566,2013-05-10_norav_program_congress_erev-tarbut-2,1,EVENT_PART,EREV_TARBUT
8096,congress_usa_new-jersey_2013,42568,2013-05-10_rav_program_congress_sadna-4,1,LESSON_PART,
8096,congress_usa_new-jersey_2013,42569,2013-05-10_rav_program_congress_sadna-sheelot-4,1,LESSON_PART,
8062,congress_bulgaria_2014,52043,2014-07-11_rav_program_congress_sadna-2,1,LESSON_PART,
8062,congress_bulgaria_2014,52046,2014-07-11_rav_program_congress_sadna-1,1,LESSON_PART,
8097,congress_usa_new-jersey_2014,52583,2014-08-08_norav_program_congress_sadna-2,1,LESSON_PART,
8097,congress_usa_new-jersey_2014,52581,2014-08-08_norav_program_congress_presentation-1,1,EVENT_PART,ATZAGAT_PROEKT
8097,congress_usa_new-jersey_2014,52575,2014-08-08_rav_program_congress_sadna-0,1,LESSON_PART,
8097,congress_usa_new-jersey_2014,52589,2014-08-08_norav_program_congress_sadna-4-hinuh-integrali,1,LESSON_PART,
8097,congress_usa_new-jersey_2014,52586,2014-08-08_rav_program_congress_sadna-5,1,LESSON_PART,
8097,congress_usa_new-jersey_2014,52585,2014-08-08_rav_program_congress_sadna-3,1,LESSON_PART,
8097,congress_usa_new-jersey_2014,52580,2014-08-08_norav_program_congress_sadna-1,1,LESSON_PART,
8097,congress_usa_new-jersey_2014,52595,2014-08-10_rav_program_congress_sadna-6,1,LESSON_PART,
8010,congress_ukraine_kiev_2017,68360,2017-03-23_norav_program_congress_yeshivat-haverim-0,1,FRIENDS_GATHERING,
8010,congress_ukraine_kiev_2017,68362,2017-03-24_norav_program_congress_yeshivat-haverim-1,1,FRIENDS_GATHERING,
8010,congress_ukraine_kiev_2017,68364,2017-03-24_norav_program_congress_yeshivat-haverim-2,1,FRIENDS_GATHERING,
8010,congress_ukraine_kiev_2017,68368,2017-03-24_norav_program_congress_yeshivat-haverim-3,1,FRIENDS_GATHERING,
8010,congress_ukraine_kiev_2017,68370,2017-03-24_norav_program_congress_yeshivat-haverim-4,1,FRIENDS_GATHERING,
8010,congress_ukraine_kiev_2017,68427,2017-03-24_norav_program_congress_yeshivat-haverim-5,1,FRIENDS_GATHERING,
8010,congress_ukraine_kiev_2017,68434,2017-03-24_norav_program_congress_yeshivat-haverim-6,1,FRIENDS_GATHERING,
8010,congress_ukraine_kiev_2017,68435,2017-03-24_norav_program_congress_yeshivat-haverim-7,1,FRIENDS_GATHERING,
8010,congress_ukraine_kiev_2017,68437,2017-03-24_rav_program_congress_yeshivat-haverim-8,1,FRIENDS_GATHERING,
8035,congress_italy_2010,21814,2010-01-22_xx_mlt_norav_misc_rome_megacongress-yeshivat-haverim-1,4,FRIENDS_GATHERING,
8035,congress_italy_2010,21822,2010-01-24_xx_mlt_norav_misc_rome_megacongress-yeshivat-haverim-2,4,FRIENDS_GATHERING,
8035,congress_italy_2010,21826,2010-01-22_xx_mlt_norav_misc_rome_megacongress_cultural-program-1,1,EVENT_PART,EREV_TARBUT
8051,congress_lithuania_2014,31910,2012-03-24_heb_rav_program_congress_sadna-n2,1,LESSON_PART,
8051,congress_lithuania_2014,31911,2012-03-23_heb_rav_program_congress_sadna-n1,1,LESSON_PART,
8051,congress_lithuania_2014,31912,2012-03-24_heb_rav_program_congress_sadna-n3,1,LESSON_PART,
8051,congress_lithuania_2014,31918,2012-03-25_heb_rav_program_congress_sadna-n4,1,LESSON_PART,
8051,congress_lithuania_2014,36343,2012-03-22_heb_rav_lesson_congress_n0,4,LESSON_PART,
8095,congress_usa_new-jersey_2012,32725,2012-05-12_heb_rav_program_congress_sadna-1,1,LESSON_PART,
8095,congress_usa_new-jersey_2012,32727,2012-05-12_heb_rav_program_congress_sadna-2,1,LESSON_PART,
8095,congress_usa_new-jersey_2012,32731,2012-05-12_heb_rav_program_congress_sadna-3,1,LESSON_PART,
8095,congress_usa_new-jersey_2012,32737,2012-05-13_heb_rav_program_congress_sadna-4,1,LESSON_PART,
8095,congress_usa_new-jersey_2012,33106,2012-05-12_heb_norav_program_congress_erev-tarbut,1,EVENT_PART,EREV_TARBUT
8026,congress_mexico_2015,58441,2015-07-17_rav_program_congress_sadna-1,1,LESSON_PART,
8026,congress_mexico_2015,58437,2015-07-17_norav_program_congress_yeshivat-haverim-1,1,FRIENDS_GATHERING,
8026,congress_mexico_2015,58442,2015-07-17_norav_program_congress_yeshivat-haverim-2,1,FRIENDS_GATHERING,
8026,congress_mexico_2015,58444,2015-07-17_norav_program_congress_yeshivat-haverim-3,1,FRIENDS_GATHERING,
8026,congress_mexico_2015,58450,2015-07-17_norav_program_congress_yeshivat-haverim-4,1,FRIENDS_GATHERING,
8075,congress_russia_petersburg_2016,64896,2016-07-29_norav_program_congress_yeshivat-haverim-1,1,FRIENDS_GATHERING,
8075,congress_russia_petersburg_2016,64899,2016-07-29_norav_program_congress_yeshivat-haverim-2,1,FRIENDS_GATHERING,
8075,congress_russia_petersburg_2016,64895,2016-07-28_norav_program_congress_yeshivat-haverim-0,1,FRIENDS_GATHERING,
8075,congress_russia_petersburg_2016,64901,2016-07-29_norav_program_congress_yeshivat-haverim-3,1,FRIENDS_GATHERING,
8075,congress_russia_petersburg_2016,64903,2016-07-29_norav_program_congress_yeshivat-haverim-4,1,FRIENDS_GATHERING,
8075,congress_russia_petersburg_2016,64904,2016-07-29_norav_program_congress_yeshivat-haverim-5,1,FRIENDS_GATHERING,
8075,congress_russia_petersburg_2016,64906,2016-07-29_norav_program_congress_yeshivat-haverim-6,1,FRIENDS_GATHERING,
8075,congress_russia_petersburg_2016,64908,2016-07-29_norav_program_congress_yeshivat-haverim-7,1,FRIENDS_GATHERING,
8075,congress_russia_petersburg_2016,64910,2016-07-29_norav_program_congress_yeshivat-haverim-8,1,FRIENDS_GATHERING,
8075,congress_russia_petersburg_2016,64912,2016-07-29_norav_program_congress_yeshivat-haverim-9,1,FRIENDS_GATHERING,
8075,congress_russia_petersburg_2016,64914,2016-07-29_rav_program_congress_yeshivat-haverim-10,1,FRIENDS_GATHERING,
8086,congress_usa_new-york_2007-01,9907,2007-01-14_bs-sod-kaf-enochi_rus_rav_shiur_ny_04_congress,4,LESSON_PART,
8086,congress_usa_new-york_2007-01,9978,2007-01-08_xx_eng_norav_clip_ny_congress_hatzaga_herut,2,CLIP,
8086,congress_usa_new-york_2007-01,9979,2007-01-08_xx_eng_norav_clip_ny_congress_hatzaga_sandak,2,CLIP,
8111,congress_israel_haolami_2010-11,25487,2010-11-09_heb_rav_program_congress_prezentatzia_tekes-ptiha,1,EVENT_PART,TEKES_PTIHA
8111,congress_israel_haolami_2010-11,25488,2010-11-09_heb_norav_program_congress_yeshivat-haverim,1,FRIENDS_GATHERING,
8111,congress_israel_haolami_2010-11,25491,2010-11-09_heb_norav_program_congress_erev-tarbut,1,EVENT_PART,EREV_TARBUT
8111,congress_israel_haolami_2010-11,25494,2010-11-10_heb_norav_program_congress_prezentatzia_n2,1,EVENT_PART,ATZAGAT_PROEKT
8111,congress_israel_haolami_2010-11,25495,2010-11-10_heb_norav_program_congress_yeshivat-haverim,1,FRIENDS_GATHERING,
8111,congress_israel_haolami_2010-11,25498,2010-11-10_heb_norav_program_congress_erev-tarbut,1,EVENT_PART,EREV_TARBUT
8111,congress_israel_haolami_2010-11,25500,2010-11-11_heb_norav_program_congress_prezentatzia_n3,1,EVENT_PART,ATZAGAT_PROEKT
8111,congress_israel_haolami_2010-11,25501,2010-11-11_heb_norav_program_congress_yeshivat-haverim,1,FRIENDS_GATHERING,
8111,congress_israel_haolami_2010-11,25503,2010-11-11_heb_rav_program_congress_tekes-sium,1,EVENT_PART,TEKES_SIYUM
8111,congress_israel_haolami_2010-11,25504,2010-11-11_heb_norav_program_congress_erev-tarbut,1,EVENT_PART,EREV_TARBUT
8078,congress_ukraine_odessa_2015,59984,2015-10-16_norav_program_congress_yeshivat-haverim-1,1,FRIENDS_GATHERING,
8078,congress_ukraine_odessa_2015,59985,2015-10-16_norav_program_congress_yeshivat-haverim-2,1,FRIENDS_GATHERING,
8078,congress_ukraine_odessa_2015,59988,2015-10-16_norav_program_congress_yeshivat-haverim-3,1,FRIENDS_GATHERING,
8078,congress_ukraine_odessa_2015,59989,2015-10-16_norav_program_congress_yeshivat-haverim-4,1,FRIENDS_GATHERING,
8078,congress_ukraine_odessa_2015,59991,2015-10-16_norav_program_congress_yeshivat-haverim-5,1,FRIENDS_GATHERING,
8078,congress_ukraine_odessa_2015,59994,2015-10-16_norav_program_congress_yeshivat-haverim-6,1,FRIENDS_GATHERING,
8078,congress_ukraine_odessa_2015,60003,2015-10-16_norav_program_congress_yeshivat-haverim-7,1,FRIENDS_GATHERING,
8115,congress_israel_haolami_2016,63389,2016-02-24_rav_program_congress_erev-patuah,1,EVENT_PART,EREV_PATUAH
8115,congress_israel_haolami_2016,62503,2016-02-22_norav_program_yeshivat-haverim,1,FRIENDS_GATHERING,
8115,congress_israel_haolami_2016,62487,2016-02-19_norav_program_yeshivat-haverim-2,1,FRIENDS_GATHERING,
8115,congress_israel_haolami_2016,62467,2016-02-19_norav_program_yeshivat-haverim,1,FRIENDS_GATHERING,
8115,congress_israel_haolami_2016,62488,2016-02-22_rav_lesson_bs-shamati-211-ke-omed,4,LESSON_PART,
8115,congress_israel_haolami_2016,62506,2016-02-23_rav_program_congress_yeshivat-haverim-1,1,FRIENDS_GATHERING,
8115,congress_israel_haolami_2016,62508,2016-02-23_norav_program_congress_yeshivat-haverim-2,1,FRIENDS_GATHERING,
8115,congress_israel_haolami_2016,62510,2016-02-23_norav_program_congress_yeshivat-haverim-3,1,FRIENDS_GATHERING,
8115,congress_israel_haolami_2016,62514,2016-02-24_norav_program_congress_yeshivat-haverim-4,1,FRIENDS_GATHERING,
8115,congress_israel_haolami_2016,62516,2016-02-24_norav_program_congress_yeshivat-haverim-5,1,FRIENDS_GATHERING,
8115,congress_israel_haolami_2016,62521,2016-02-25_rav_program_congress_yeshivat-haverim-6,1,FRIENDS_GATHERING,
8115,congress_israel_haolami_2016,62523,2016-02-25_norav_program_congress_yeshivat-haverim-7,1,FRIENDS_GATHERING,
8115,congress_israel_haolami_2016,62524,2016-02-25_rav_program_congress_yeshivat-haverim-8,1,FRIENDS_GATHERING,
8074,congress_russia_moscow_2016,63553,2016-05-02_rav_program_congress_seuda-1,1,MEAL,
8074,congress_russia_moscow_2016,63541,2016-05-02_norav_program_congress_yeshivat-haverim-2,1,FRIENDS_GATHERING,
8074,congress_russia_moscow_2016,63549,2016-05-02_norav_program_congress_yeshivat-haverim-3,1,FRIENDS_GATHERING,
8074,congress_russia_moscow_2016,63552,2016-05-03_norav_program_congress_yeshivat-haverim-4,1,FRIENDS_GATHERING,
4546,congress_usa_new-york_2010,22987,2010-05-07_xx_mlt_rav_program_ny_congress_opening-ceremony,1,EVENT_PART,TEKES_PTIHA
4546,congress_usa_new-york_2010,22988,2010-05-07_xx_mlt_norav_program_ny_congress_eshivat-haverim_n1,1,FRIENDS_GATHERING,
4546,congress_usa_new-york_2010,22989,2010-05-07_xx_eng_norav_program_ny_congress_erev-tarbut_n1,1,EVENT_PART,EREV_TARBUT
4546,congress_usa_new-york_2010,22991,2010-05-08_xx_mlt_norav_program_ny_congress_eshivat-haverim_n2,1,FRIENDS_GATHERING,
4546,congress_usa_new-york_2010,22999,2010-05-09_xx_mlt_norav_program_ny_congress_yeshivat-haverim_n3,1,FRIENDS_GATHERING,
8034,congress_italy_2011,28098,2011-05-22_mlt_norav_program_congress_yeshivat-haverim,1,FRIENDS_GATHERING,
8034,congress_italy_2011,28099,2011-05-20_mlt_norav_program_congress_yeshivat-haverim,1,FRIENDS_GATHERING,
8034,congress_italy_2011,28100,2011-05-21_heb_rav_program_congress_tekes-ptiha,1,EVENT_PART,TEKES_PTIHA
8034,congress_italy_2011,28101,2011-05-21_heb_norav_program_congress_yeshivat-haverim,1,FRIENDS_GATHERING,
8034,congress_italy_2011,28111,2011-05-21_heb_rav_program_congress_erev-tarbut,1,EVENT_PART,EREV_TARBUT
8060,congress_sweden_2013,45408,2013-08-30_norav_program_congress_yeshivat-haverim-1,1,FRIENDS_GATHERING,
8060,congress_sweden_2013,45410,2013-08-30_rav_program_congress_sadna-1,1,LESSON_PART,
8060,congress_sweden_2013,45412,2013-08-30_rav_program_congress_sadna-2,1,LESSON_PART,
8060,congress_sweden_2013,45413,2013-08-30_norav_program_congress_yeshivat-haverim-2,1,FRIENDS_GATHERING,
8060,congress_sweden_2013,45415,2013-08-30_rav_program_congress_sadna-3,1,LESSON_PART,
6954,congress_usa_los-angeles_2014,53845,2014-10-31_norav_program_congress_yeshivat-haverim-1,1,FRIENDS_GATHERING,
6954,congress_usa_los-angeles_2014,53846,2014-10-31_norav_program_congress_yeshivat-haverim-2,1,FRIENDS_GATHERING,
8073,congress_russia_moscow_2015,60748,2015-11-19_norav_program_congress_yeshivat-haverim-0,1,FRIENDS_GATHERING,
8073,congress_russia_moscow_2015,60746,2015-11-19_norav_lesson_achana-le-kenes-moskva,4,LESSON_PART,
8073,congress_russia_moscow_2015,60532,2015-11-10_rav_lesson_achana-le-kenes-moskva,4,LESSON_PART,
8073,congress_russia_moscow_2015,60566,2015-11-11_rav_lesson_achana-le-kenes-moskva,4,LESSON_PART,
8073,congress_russia_moscow_2015,60750,2015-11-20_rav_program_congress_yeshivat-haverim-1,1,FRIENDS_GATHERING,
8073,congress_russia_moscow_2015,60752,2015-11-20_norav_program_congress_yeshivat-haverim-2,1,FRIENDS_GATHERING,
8073,congress_russia_moscow_2015,60755,2015-11-20_norav_program_congress_yeshivat-haverim-3,1,FRIENDS_GATHERING,
8073,congress_russia_moscow_2015,60756,2015-11-20_norav_program_congress_yeshivat-haverim-4,1,FRIENDS_GATHERING,
8073,congress_russia_moscow_2015,60757,2015-11-20_norav_program_congress_yeshivat-haverim-5,1,FRIENDS_GATHERING,
8073,congress_russia_moscow_2015,60759,2015-11-20_norav_program_congress_yeshivat-haverim-6,1,FRIENDS_GATHERING,
8073,congress_russia_moscow_2015,60763,2015-11-20_norav_program_congress_yeshivat-haverim-7,1,FRIENDS_GATHERING,
8073,congress_russia_moscow_2015,60765,2015-11-20_norav_program_congress_yeshivat-haverim-8,1,FRIENDS_GATHERING,
8073,congress_russia_moscow_2015,60767,2015-11-20_norav_program_congress_yeshivat-haverim-9,1,FRIENDS_GATHERING,
8073,congress_russia_moscow_2015,60769,2015-11-20_norav_program_congress_yeshivat-haverim-10,1,FRIENDS_GATHERING,
8073,congress_russia_moscow_2015,60797,2015-11-20_norav_program_congress_yeshivat-haverim-11,1,FRIENDS_GATHERING,
7988,congress-israel_haolami_2017,67988,2017-02-17_norav_program_yeshivat-haverim,1,FRIENDS_GATHERING,
7988,congress-israel_haolami_2017,68000,2017-02-19_norav_program_yeshivat-haverim,1,FRIENDS_GATHERING,
7988,congress-israel_haolami_2017,68007,2017-02-21_norav_program_congress_yeshivat-haverim-1,1,FRIENDS_GATHERING,
7988,congress-israel_haolami_2017,68009,2017-02-21_rav_program_congress_tekes-ptiha,1,EVENT_PART,TEKES_PTIHA
7988,congress-israel_haolami_2017,68011,2017-02-21_norav_program_congress_yeshivat-haverim-2,1,FRIENDS_GATHERING,
7988,congress-israel_haolami_2017,68014,2017-02-22_norav_program_congress_yeshivat-haverim-3,1,FRIENDS_GATHERING,
7988,congress-israel_haolami_2017,68016,2017-02-22_rav_program_congress_yeshivat-haverim-4,1,FRIENDS_GATHERING,
7988,congress-israel_haolami_2017,68078,2017-02-22_rav_program_congress_erev-patuah,1,EVENT_PART,EREV_PATUAH
7988,congress-israel_haolami_2017,68018,2017-02-22_norav_program_congress_erev-tarbut,1,EVENT_PART,EREV_TARBUT
7988,congress-israel_haolami_2017,68021,2017-02-23_norav_program_congress_yeshivat-haverim-5,1,FRIENDS_GATHERING,
7988,congress-israel_haolami_2017,68023,2017-02-23_norav_program_congress_yeshivat-haverim-6,1,FRIENDS_GATHERING,
7988,congress-israel_haolami_2017,68025,2017-02-23_norav_program_congress_yeshivat-haverim-7,1,FRIENDS_GATHERING,
8071,congress_russia_moscow_2011-01 ,26421,2011-01-16_rus_rav_lecture_kabbalah-nakarte-mira,5,LECTURE,
8058,congress_colombia_2014,52359,2014-07-25_rav_program_congress_seuda-1,1,MEAL,
8058,congress_colombia_2014,52362,2014-07-25_rav_program_congress_sadna-1,1,LESSON_PART,
8063,congress_poland_2007,13058,2007-12-02_eng_norav_promo_bb_poland-congress,2,CLIP,
8125,congress_israel_haolami_2008-02,13609,2008-02-06_eng_norav_clip_bb_one-heart,2,CLIP,
8125,congress_israel_haolami_2008-02,13610,2008-02-06_heb_norav_clip_bb_unity-language,2,CLIP,
8125,congress_israel_haolami_2008-02,13813,2008-02-06_fre_norav_clip_bb_unity_congress-2008,2,CLIP,
4773,congress_russia_krasnoyarsk_2013,43574,2013-06-14_rav_program_congress_sadna-1,1,LESSON_PART,
4773,congress_russia_krasnoyarsk_2013,43575,2013-06-14_norav_program_congress_yeshivat-haverim-1,1,FRIENDS_GATHERING,
4773,congress_russia_krasnoyarsk_2013,43577,2013-06-14_rav_program_congress_sadna-2,1,LESSON_PART,
4773,congress_russia_krasnoyarsk_2013,43578,2013-06-14_norav_program_congress_yeshivat-haverim-2,1,FRIENDS_GATHERING,
4773,congress_russia_krasnoyarsk_2013,43580,2013-06-14_rav_program_congress_sadna-3,1,LESSON_PART,
4773,congress_russia_krasnoyarsk_2013,43719,2013-06-14_norav_program_congress_yeshivat-haverim-3,1,FRIENDS_GATHERING,
4773,congress_russia_krasnoyarsk_2013,43721,2013-06-14_rav_program_congress_sadna-sheelot-1,1,LESSON_PART,
4773,congress_russia_krasnoyarsk_2013,43722,2013-06-14_rav_program_congress_sadna-sheelot-3,1,LESSON_PART,
4773,congress_russia_krasnoyarsk_2013,43723,2013-06-14_rav_program_congress_sadna-sheelot-2,1,LESSON_PART,
4773,congress_russia_krasnoyarsk_2013,46811,2013-06-14_rav_clip_congress_vse-chelovechestvo-edinoe-zeloe,2,CLIP,
4773,congress_russia_krasnoyarsk_2013,46812,2013-06-14_rav_clip_congress_sem-miliardov-v-odnoi-semie,2,CLIP,
4773,congress_russia_krasnoyarsk_2013,46813,2013-06-14_rav_clip_congress_ves-mir-odna-semia,2,CLIP,
4773,congress_russia_krasnoyarsk_2013,46814,2013-06-14_rav_clip_congress_samoe-malenkoe-duhovnoe-oshushenie,2,CLIP,
4773,congress_russia_krasnoyarsk_2013,46815,2013-06-14_rav_clip_congress_obiazat-svet-preobrazovat-nas,2,CLIP,
4773,congress_russia_krasnoyarsk_2013,46816,2013-06-14_rav_clip_congress_neobhodimost-integralnogo-vospitania,2,CLIP,
4773,congress_russia_krasnoyarsk_2013,46817,2013-06-14_rav_clip_congress_potrebnost-vo-vnutrennei-vzaimosviazi,2,CLIP,
4773,congress_russia_krasnoyarsk_2013,46818,2013-06-14_rav_clip_congress_priniatie-resheni-v-grupe,2,CLIP,
4773,congress_russia_krasnoyarsk_2013,46819,2013-06-14_rav_clip_congress_otritsatelniy-pomoshnik,2,CLIP,
4773,congress_russia_krasnoyarsk_2013,46820,2013-06-14_rav_clip_congress_samie-poleznie-sostoiania,2,CLIP,
4773,congress_russia_krasnoyarsk_2013,46823,2013-06-14_rav_clip_congress_gotov-vseh-szech,2,CLIP,
8077,congress_russia_petersburg_2013,44411,2013-07-12_norav_program_congress_yeshivat-haverim-1,1,FRIENDS_GATHERING,
8077,congress_russia_petersburg_2013,44413,2013-07-12_rav_program_congress_sadna-1,1,LESSON_PART,
8077,congress_russia_petersburg_2013,44414,2013-07-12_rav_program_congress_sadna-shulhan-agol,1,LESSON_PART,
8077,congress_russia_petersburg_2013,44416,2013-07-12_rav_program_congress_sadna-2,1,LESSON_PART,
8077,congress_russia_petersburg_2013,44419,2013-07-12_rav_program_congress_sadna-3,1,LESSON_PART,
8077,congress_russia_petersburg_2013,44420,2013-07-12_rav_program_congress_sadna-harmonia-beavoda,1,LESSON_PART,
8077,congress_russia_petersburg_2013,44421,2013-07-12_norav_program_congress_yeshivat-haverim-2,1,FRIENDS_GATHERING,
8077,congress_russia_petersburg_2013,44423,2013-07-12_norav_program_congress_yeshivat-haverim-3,1,FRIENDS_GATHERING,
8077,congress_russia_petersburg_2013,44426,2013-07-12_norav_program_congress_yeshivat-haverim-5,1,FRIENDS_GATHERING,
8077,congress_russia_petersburg_2013,44427,2013-07-12_norav_program_congress_yeshivat-haverim-4,1,FRIENDS_GATHERING,
8077,congress_russia_petersburg_2013,44429,2013-07-12_rav_program_congress_sadna-4,1,LESSON_PART,
8077,congress_russia_petersburg_2013,44431,2013-07-12_rav_program_congress_yeshivat-haverim-6,1,FRIENDS_GATHERING,
3849,congress_usa_st-louis_2008,14562,2008-05-21_eng_norav_clip_bb_congress-sent-luis,2,CLIP,
3849,congress_usa_st-louis_2008,16282,2008-11-09_xx_mlt_norav_yhaverim_stl,4,FRIENDS_GATHERING,
3849,congress_usa_st-louis_2008,16334,2008-11-14_xx_eng_norav_yhaverim_stl,4,FRIENDS_GATHERING,
3849,congress_usa_st-louis_2008,16335,2008-11-16_xx_mlt_norav_yhaverim_stl,4,FRIENDS_GATHERING,
8050,congress_argentina_2009,19935,2009-08-28_xx_mlt_norav_misc_argentina_congress-cultural-program-1,1,EVENT_PART,EREV_TARBUT
8050,congress_argentina_2009,19940,2009-08-30_xx_mlt_norav_misc_argentina_congress-cultural-program-2,1,EVENT_PART,EREV_TARBUT
8050,congress_argentina_2009,23994,2009-08-28_heb_rav_lecture_kabbalah-hoveket-olam_congress-argentina,5,LECTURE,
8050,congress_argentina_2009,23996,2009-08-30_heb_rav_lecture_kabbalah-hoveket-olam_congress-argentina,5,LECTURE,
8057,congress_georgia_2012,36775,2012-11-05_heb_rav_program_congress_sadna,1,LESSON_PART,
8057,congress_georgia_2012,36784,2012-11-05_heb_rav_program_congress_sadna-2,1,LESSON_PART,
8113,congress_israel_haolami_2014,47427,2014-01-03_rav_program_sadna_achana-le-kenes,1,LESSON_PART,
8113,congress_israel_haolami_2014,47783,2014-01-10_rav_program_sadna_achana-le-knasim,1,LESSON_PART,
8113,congress_israel_haolami_2014,47786,2014-01-10_rav_program_sadna_ma-ze-kenes,1,LESSON_PART,
8113,congress_israel_haolami_2014,48072,2014-01-26_rav_program_congress_seuda-1,1,MEAL,
8113,congress_israel_haolami_2014,48098,2014-01-27_rav_program_congress_seuda-2,1,MEAL,
8113,congress_israel_haolami_2014,48118,2014-01-28_rav_program_congress_seuda-3,1,MEAL,
8113,congress_israel_haolami_2014,48126,2014-01-28_rav_program_congress_sadna-1,1,LESSON_PART,
8113,congress_israel_haolami_2014,48131,2014-01-24_rav_program_sadna_nashim,1,LESSON_PART,
8113,congress_israel_haolami_2014,48140,2014-01-29_rav_program_congress_seuda-4,1,MEAL,
8113,congress_israel_haolami_2014,48147,2014-01-29_rav_program_congress_seuda-5,1,MEAL,
8113,congress_israel_haolami_2014,48148,2014-01-30_rav_program_congress_sadna-2,1,LESSON_PART,
8113,congress_israel_haolami_2014,48151,2014-01-30_norav_program_congress_yeshivat-haverim-10,1,FRIENDS_GATHERING,
8113,congress_israel_haolami_2014,48152,2014-01-31_rav_program_congress_sadna-1,1,LESSON_PART,
8113,congress_israel_haolami_2014,48153,2014-01-31_rav_program_congress_sadna-sheelot-1,1,LESSON_PART,
8113,congress_israel_haolami_2014,48154,2014-01-31_rav_program_congress_sadna-2,1,LESSON_PART,
8113,congress_israel_haolami_2014,48155,2014-01-31_rav_program_congress_sadna-sheelot-2,1,LESSON_PART,
8113,congress_israel_haolami_2014,48156,2014-01-31_rav_program_congress_sadna-3,1,LESSON_PART,
8113,congress_israel_haolami_2014,48157,2014-01-31_rav_program_congress_sadna-sheelot-3,1,LESSON_PART,
8113,congress_israel_haolami_2014,48158,2014-01-31_rav_program_congress_sadna-4,1,LESSON_PART,
8113,congress_israel_haolami_2014,48159,2014-01-31_rav_program_congress_sadna-sheelot-4,1,LESSON_PART,
8113,congress_israel_haolami_2014,48160,2014-01-31_norav_program_congress_yeshivat-haverim-1,1,FRIENDS_GATHERING,
8113,congress_israel_haolami_2014,48161,2014-01-31_norav_program_congress_yeshivat-haverim-2,1,FRIENDS_GATHERING,
8113,congress_israel_haolami_2014,48162,2014-01-31_rav_program_congress_yeshivat-haverim-3,1,FRIENDS_GATHERING,
8113,congress_israel_haolami_2014,48163,2014-01-31_norav_program_congress_yeshivat-haverim-4,1,FRIENDS_GATHERING,
8113,congress_israel_haolami_2014,48165,2014-02-02_rav_program_congress_peilut-hibur-2,1,EVENT_PART,EVENT
8113,congress_israel_haolami_2014,48166,2014-02-02_rav_program_congress_sadna-1,1,LESSON_PART,
8113,congress_israel_haolami_2014,48167,2014-02-02_norav_program_congress_tekes-ptiha,1,EVENT_PART,TEKES_PTIHA
8113,congress_israel_haolami_2014,48168,2014-02-02_rav_program_congress_sadna-2,1,LESSON_PART,
8113,congress_israel_haolami_2014,48170,2014-02-02_rav_program_congress_sadna-3,1,LESSON_PART,
8113,congress_israel_haolami_2014,48172,2014-02-03_rav_program_congress_sadna-4,1,LESSON_PART,
8113,congress_israel_haolami_2014,48174,2014-02-02_norav_program_congress_yeshivat-haverim-2,1,FRIENDS_GATHERING,
8113,congress_israel_haolami_2014,48176,2014-02-03_norav_program_congress_yeshivat-haverim-3,1,FRIENDS_GATHERING,
8113,congress_israel_haolami_2014,48179,2014-02-03_norav_program_congress_seuda-4,1,MEAL,
8113,congress_israel_haolami_2014,48181,2014-02-03_norav_program_congress_sadna-1,1,LESSON_PART,
8113,congress_israel_haolami_2014,48182,2014-02-03_norav_program_congress_sadna-2,1,LESSON_PART,
8113,congress_israel_haolami_2014,48184,2014-02-03_norav_program_congress_peilut-hibur-6,1,EVENT_PART,EVENT
8113,congress_israel_haolami_2014,48186,2014-02-03_norav_program_congress_seuda-6,1,MEAL,
8113,congress_israel_haolami_2014,48187,2014-02-04_norav_program_congress_yeshivat-haverim-4,1,FRIENDS_GATHERING,
8113,congress_israel_haolami_2014,48190,2014-02-04_rav_program_congress_sadna-5,1,LESSON_PART,
8113,congress_israel_haolami_2014,48191,2014-02-04_norav_program_congress_sadna-3,1,LESSON_PART,
8113,congress_israel_haolami_2014,48192,2014-02-04_norav_program_congress_yeshivat-haverim-5,1,FRIENDS_GATHERING,
8113,congress_israel_haolami_2014,48194,2014-02-05_norav_program_congress_yeshivat-haverim-1,1,FRIENDS_GATHERING,
8113,congress_israel_haolami_2014,48196,2014-02-05_rav_program_congress_sadna-1,1,LESSON_PART,
8113,congress_israel_haolami_2014,48198,2014-02-05_rav_program_congress_sadna-2,1,LESSON_PART,
8113,congress_israel_haolami_2014,48200,2014-02-06_norav_program_congress_yeshivat-haverim-2,1,FRIENDS_GATHERING,
8113,congress_israel_haolami_2014,48202,2014-02-06_rav_program_congress_sadna-3,1,LESSON_PART,
8113,congress_israel_haolami_2014,48205,2014-02-06_norav_program_congress_yeshivat-haverim-3,1,FRIENDS_GATHERING,
8113,congress_israel_haolami_2014,48206,2014-02-06_rav_program_congress_sfarim-presentation,1,EVENT_PART,ATZAGAT_PROEKT
8113,congress_israel_haolami_2014,48208,2014-02-06_rav_program_congress_zohar-presentation,1,EVENT_PART,ATZAGAT_PROEKT
8113,congress_israel_haolami_2014,48380,2014-02-07_norav_program_yeshivat-haverim,1,FRIENDS_GATHERING,
8113,congress_israel_haolami_2014,48213,2014-02-07_norav_program_congress_yeshivat-haverim-4,1,FRIENDS_GATHERING,
8113,congress_israel_haolami_2014,48215,2014-02-07_rav_program_congress_sadna-presentation,1,LESSON_PART,
8113,congress_israel_haolami_2014,48216,2014-02-07_rav_program_congress_tekes-sium,1,EVENT_PART,TEKES_SIYUM
8113,congress_israel_haolami_2014,48379,2014-02-07_rav_program_sihot_seuda-1,1,MEAL,
8113,congress_israel_haolami_2014,48222,2014-02-09_norav_program_yeshivat-haverim,1,FRIENDS_GATHERING,
8113,congress_israel_haolami_2014,48381,2014-02-07_rav_program_sihot_seuda-3,1,MEAL,
8113,congress_israel_haolami_2014,48180,2014-02-03_norav_program_congress_peilut-hibur-4,1,EVENT_PART,EVENT
8113,congress_israel_haolami_2014,48210,2014-02-06_rav_program_congress_erev-tarbut-2,1,EVENT_PART,EREV_TARBUT
8084,congress_kazahstan_2017,69441,2017-06-18_rav_clip_congress_sikum-kenes,2,CLIP,
8084,congress_kazahstan_2017,69424,2017-06-15_norav_congress_yeshivat-haverim_kazakhstan_n0,16,FRIENDS_GATHERING,
8084,congress_kazahstan_2017,69425,2017-06-16_norav_congress_yeshivat-haverim_kazakhstan_n1,16,FRIENDS_GATHERING,
8084,congress_kazahstan_2017,69427,2017-06-16_norav_congress_yeshivat-haverim_kazakhstan_n2,16,FRIENDS_GATHERING,
8084,congress_kazahstan_2017,69429,2017-06-16_norav_congress_yeshivat-haverim_kazakhstan_n3,16,FRIENDS_GATHERING,
8084,congress_kazahstan_2017,69430,2017-06-16_norav_congress_yeshivat-haverim_kazakhstan_n4,16,FRIENDS_GATHERING,
8084,congress_kazahstan_2017,69432,2017-06-16_norav_congress_yeshivat-haverim_kazakhstan_n5,16,FRIENDS_GATHERING,
8084,congress_kazahstan_2017,69434,2017-06-16_norav_congress_yeshivat-haverim_kazakhstan_n6,16,FRIENDS_GATHERING,
8084,congress_kazahstan_2017,69438,2017-06-16_norav_congress_yeshivat-haverim_kazakhstan_n7,16,FRIENDS_GATHERING,
8084,congress_kazahstan_2017,69439,2017-06-18_rav_congress_yeshivat-haverim_kazakhstan_n8,16,FRIENDS_GATHERING,
8080,congress_ukraine_odessa_2005,6167,BB_CongressOdessa_SongBook,3,,
8080,congress_ukraine_odessa_2005,6279,BB_CongressOdessa_CulturalProgram_2005-10-23_rus,1,EVENT_PART,EREV_TARBUT
8080,congress_ukraine_odessa_2005,6280,BB_CongressOdessa2005_Clip_2005-10-23_rus,2,CLIP,
8080,congress_ukraine_odessa_2005,6288,BB_CongressOdessa_CulturalProgram_2005-10-21_rus,1,EVENT_PART,EREV_TARBUT
8033,congress_italy_2012,35360,2012-09-02_heb_rav_program_sihot_ahana-lekenes-italia,1,VIDEO_PROGRAM_CHAPTER,
8033,congress_italy_2012,35842,2012-09-28_heb_rav_program_congress_sadna-1,1,LESSON_PART,
8033,congress_italy_2012,35843,2012-09-28_heb_rav_program_congress_sadna-2,1,LESSON_PART,
8033,congress_italy_2012,35844,2012-09-28_heb_rav_program_congress_sadna-3,1,LESSON_PART,
8033,congress_italy_2012,35845,2012-09-28_heb_rav_program_congress_sadna-4,1,LESSON_PART,
8033,congress_italy_2012,35846,2012-09-28_heb_rav_program_congress_seuda-2,1,MEAL,
8033,congress_italy_2012,35847,2012-09-28_heb_rav_program_congress_seuda-3,1,MEAL,
8033,congress_italy_2012,35848,2012-09-28_heb_rav_program_congress_seuda-1,1,MEAL,
8033,congress_italy_2012,35851,2012-09-28_heb_rav_program_congress_seuda-4,1,MEAL,
8027,congress_mexico_2017,68824,2017-05-02_norav_congress_yeshivat-haverim_n12,1,FRIENDS_GATHERING,
8027,congress_mexico_2017,68825,2017-05-02_norav_congress_yeshivat-haverim_n13,1,FRIENDS_GATHERING,
8027,congress_mexico_2017,68829,2017-05-03_norav_congress_yeshivat-haverim_n14,1,FRIENDS_GATHERING,
8027,congress_mexico_2017,68832,2017-05-03_norav_congress_yeshivat-haverim_n15,1,FRIENDS_GATHERING,
8043,congress_germany_2005,3695,CongressGermany2005_ClosingCeremonySong_13-02-05,3,,
8040,congress_germany_2013,41071,2013-03-22_heb_rav_program_congress_sadna-1,1,LESSON_PART,
8040,congress_germany_2013,41074,2013-03-22_heb_rav_program_congress_sadna-2,1,LESSON_PART,
8040,congress_germany_2013,41076,2013-03-22_heb_rav_program_congress_sadna-3,1,LESSON_PART,
8040,congress_germany_2013,41081,2013-03-22_heb_rav_program_congress_sadna-4,1,LESSON_PART,
8023,congress_chile_2014,52571,2014-07-29_rav_program_congress_seuda-1,1,MEAL,
8023,congress_chile_2014,52408,2014-07-30_rav_program_congress_seuda-2,1,MEAL,
8055,congress_canada_2014,52509,2014-08-04_rav_program_congress_seuda-1,1,MEAL,
8055,congress_canada_2014,52514,2014-08-05_rav_program_congress_sadna-1,1,LESSON_PART,
8048,congress_czech_2016,65481,2016-09-09_norav_program_congress_yeshivat-haverim-1,1,FRIENDS_GATHERING,
8048,congress_czech_2016,65483,2016-09-09_norav_program_congress_yeshivat-haverim-2,1,FRIENDS_GATHERING,
8048,congress_czech_2016,65489,2016-09-09_norav_program_congress_yeshivat-haverim-3,1,FRIENDS_GATHERING,
8048,congress_czech_2016,65497,2016-09-09_norav_program_congress_yeshivat-haverim-4,1,FRIENDS_GATHERING,
8048,congress_czech_2016,65498,2016-09-09_norav_program_congress_yeshivat-haverim-5,1,FRIENDS_GATHERING,
8048,congress_czech_2016,65501,2016-09-09_rav_program_congress_presentation-2,1,EVENT_PART,ATZAGAT_PROEKT
8048,congress_czech_2016,65500,2016-09-09_norav_program_congress_yeshivat-haverim-6,1,FRIENDS_GATHERING,
4689,congress_usa_miami_2012,33675,2012-06-23_heb_rav_program_congress_sadna-1,1,LESSON_PART,
4689,congress_usa_miami_2012,33677,2012-06-23_heb_rav_program_congress_sadna-2,1,LESSON_PART,
4689,congress_usa_miami_2012,33687,2012-06-24_heb_rav_program_congress_sadna-3,1,LESSON_PART,
4723,congress_russia_novosibirsk_2012,37740,2012-12-07_heb_rav_program_congress_sadna-1,1,LESSON_PART,
4723,congress_russia_novosibirsk_2012,37742,2012-12-07_heb_rav_program_congress_sadna-2,1,LESSON_PART,
4723,congress_russia_novosibirsk_2012,37744,2012-12-07_heb_rav_program_congress_sadna-3,1,LESSON_PART,
4723,congress_russia_novosibirsk_2012,37746,2012-12-07_heb_rav_program_congress_sadna-5,1,LESSON_PART,
4723,congress_russia_novosibirsk_2012,37747,2012-12-07_heb_rav_program_congress_sadna-4,1,LESSON_PART,
4723,congress_russia_novosibirsk_2012,37751,2012-12-07_heb_rav_program_congress_presentation-3,1,EVENT_PART,ATZAGAT_PROEKT
4723,congress_russia_novosibirsk_2012,37752,2012-12-07_heb_rav_program_congress_seuda-4,1,MEAL,
4723,congress_russia_novosibirsk_2012,39021,2012-12-07_rus_rav_clip_congress_antiglobalizm,2,CLIP,
4723,congress_russia_novosibirsk_2012,39022,2012-12-07_rus_rav_clip_congress_bolshoi-vzriv,2,CLIP,
4723,congress_russia_novosibirsk_2012,39023,2012-12-07_rus_rav_clip_congress_duhovnaia-kommunikaziia,2,CLIP,
4723,congress_russia_novosibirsk_2012,39024,2012-12-07_rus_rav_clip_congress_chto-trebovat-ot-tovarishei,2,CLIP,
4723,congress_russia_novosibirsk_2012,39025,2012-12-07_rus_rav_clip_congress_dushevnie-i-duhovnie-ludi,2,CLIP,
4723,congress_russia_novosibirsk_2012,39026,2012-12-07_rus_rav_clip_congress_kak-viiti-na-srednuu-liniu,2,CLIP,
4723,congress_russia_novosibirsk_2012,39027,2012-12-07_rus_rav_clip_congress_rabota-v-srednei-linii,2,CLIP,
4723,congress_russia_novosibirsk_2012,39028,2012-12-07_rus_rav_clip_congress_mi-nichego-novogo-ne-sozdaem,2,CLIP,
4723,congress_russia_novosibirsk_2012,39029,2012-12-07_rus_rav_clip_congress_sovershennoe-sostoianie,2,CLIP,
4723,congress_russia_novosibirsk_2012,39030,2012-12-07_rus_rav_clip_congress_priznak-duhovnogo-prodvizheniia,2,CLIP,
4723,congress_russia_novosibirsk_2012,39543,2012-12-07_rus_rav_clip_congress_kak-proishodit-ispravlenie-mira,2,CLIP,
4723,congress_russia_novosibirsk_2012,39544,2012-12-07_rus_rav_clip_congress_strimlenie-k-ravnovesiu,2,CLIP,
4723,congress_russia_novosibirsk_2012,39545,2012-12-07_rus_rav_clip_congress_zhenskaia-podderzhka,2,CLIP,
4723,congress_russia_novosibirsk_2012,41280,2012-12-07_rav_clip_congress_chastiza-ogromnoi-sistemi,2,CLIP,
4723,congress_russia_novosibirsk_2012,41939,2012-12-07_rav_clip_congress_v-duhovnom-net-ogranichenii,2,CLIP,
4723,congress_russia_novosibirsk_2012,41940,2012-12-07_rav_clip_congress_vchem-nasha-samostoiatelnost,2,CLIP,
4723,congress_russia_novosibirsk_2012,41941,2012-12-07_rav_clip_congress_uvidet-nastoiashuiu-kartinu,2,CLIP,
4723,congress_russia_novosibirsk_2012,41942,2012-12-07_rav_clip_congress_sostoianie-pechali,2,CLIP,
4723,congress_russia_novosibirsk_2012,41943,2012-12-07_rav_clip_congress_usilia-v-gruppe,2,CLIP,
4723,congress_russia_novosibirsk_2012,41944,2012-12-07_rav_clip_congress_otnoshenie-k-tovarishu-v-gruppe,2,CLIP,
4723,congress_russia_novosibirsk_2012,41945,2012-12-07_rav_clip_congress_obida,2,CLIP,
4723,congress_russia_novosibirsk_2012,41946,2012-12-07_rav_clip_congress_privilegia-tvortza,2,CLIP,
4723,congress_russia_novosibirsk_2012,41948,2012-12-07_rav_clip_congress_podbirat-okruzenie-na-semirare,2,CLIP,
4723,congress_russia_novosibirsk_2012,41949,2012-12-07_rav_clip_congress_net-otveta,2,CLIP,
4723,congress_russia_novosibirsk_2012,41950,2012-12-07_rav_clip_congress_pervoistochnik,2,CLIP,
4723,congress_russia_novosibirsk_2012,41951,2012-12-07_rav_clip_congress_luchshe-krichat-iznutri,2,CLIP,
4723,congress_russia_novosibirsk_2012,41952,2012-12-07_rav_clip_congress_lichnoe-obrashenie-k-tvorzu,2,CLIP,
4723,congress_russia_novosibirsk_2012,41953,2012-12-07_rav_clip_congress_net-nikogo-krome-nego,2,CLIP,
8072,congress_russia_moscow_2013,47066,2013-12-13_norav_program_congress_yeshivat-haverim-1,1,FRIENDS_GATHERING,
8072,congress_russia_moscow_2013,47067,2013-12-13_norav_program_congress_yeshivat-haverim-2,1,FRIENDS_GATHERING,
8072,congress_russia_moscow_2013,47071,2013-12-13_norav_program_congress_sadna-1,1,LESSON_PART,
8072,congress_russia_moscow_2013,47072,2013-12-13_norav_program_congress_sadna-2,1,LESSON_PART,
8072,congress_russia_moscow_2013,47074,2013-12-13_norav_program_congress_sadna-3,1,LESSON_PART,
8072,congress_russia_moscow_2013,47075,2013-12-13_norav_program_congress_yeshivat-haverim-3,1,FRIENDS_GATHERING,
8072,congress_russia_moscow_2013,47079,2013-12-13_norav_program_congress_yeshivat-haverim-4,1,FRIENDS_GATHERING,
8072,congress_russia_moscow_2013,47080,2013-12-13_norav_program_congress_sadna-4,1,LESSON_PART,
8072,congress_russia_moscow_2013,47081,2013-12-13_norav_program_congress_yeshivat-haverim-5,1,FRIENDS_GATHERING,
8072,congress_russia_moscow_2013,47082,2013-12-13_norav_program_congress_sadna-6,1,LESSON_PART,
8072,congress_russia_moscow_2013,47083,2013-12-13_norav_program_congress_sadna-5,1,LESSON_PART,
8076,congress_russia_petersburg_2014,53286,2014-09-19_rav_program_congress_kritat-brit,1,EVENT_PART,EVENT
8076,congress_russia_petersburg_2014,53287,2014-09-19_rav_lesson_congress_n1,4,FULL_LESSON,
8076,congress_russia_petersburg_2014,53288,2014-09-19_rav_program_congress_sadna-1,1,LESSON_PART,
8076,congress_russia_petersburg_2014,53290,2014-09-19_rav_program_congress_sadna-2,1,LESSON_PART,
8076,congress_russia_petersburg_2014,53291,2014-09-19_rav_lesson_congress_n2,4,FULL_LESSON,
8076,congress_russia_petersburg_2014,53292,2014-09-19_rav_program_congress_sadna-3,1,LESSON_PART,
8076,congress_russia_petersburg_2014,53293,2014-09-19_rav_lesson_congress_n3,4,FULL_LESSON,
8076,congress_russia_petersburg_2014,53294,2014-09-19_rav_lesson_congress_n4,4,FULL_LESSON,
8076,congress_russia_petersburg_2014,53295,2014-09-19_rav_program_congress_sadna-4,1,LESSON_PART,
8076,congress_russia_petersburg_2014,53298,2014-09-19_rav_program_congress_sadna-5,1,LESSON_PART,
8076,congress_russia_petersburg_2014,53301,2014-09-19_rav_lesson_congress_n5,4,FULL_LESSON,
8076,congress_russia_petersburg_2014,53300,2014-09-19_rav_lesson_congress_n6,4,FULL_LESSON,
8076,congress_russia_petersburg_2014,53302,2014-09-19_rav_program_congress_sadna-6,1,LESSON_PART,
8029,congress_brasil_2017,68804,2017-04-29_norav_congress_yeshivat-haverim_n6,1,FRIENDS_GATHERING,
8029,congress_brasil_2017,68809,2017-04-29_norav_congress_yeshivat-haverim_n7,1,FRIENDS_GATHERING,
8029,congress_brasil_2017,68810,2017-04-29_norav_congress_yeshivat-haverim_n8,1,FRIENDS_GATHERING,
8029,congress_brasil_2017,68811,2017-04-30_norav_congress_yeshivat-haverim_n9,1,FRIENDS_GATHERING,
8029,congress_brasil_2017,68814,2017-04-30_norav_congress_yeshivat-haverim_n10,1,FRIENDS_GATHERING,
8109,congress_israel_haolami_2009-02,17047,2009-01-19_eng_norav_clip_bb_kids-congress-2009-girls,2,CLIP,
8109,congress_israel_haolami_2009-02,17235,2009-02-02_heb_rav_clip_chanel-2_al-congress,2,CLIP,
8109,congress_israel_haolami_2009-02,17236,2009-02-06_rus_rav_clip_chanel-9_al-congress,2,CLIP,
8109,congress_israel_haolami_2009-02,17237,2009-02-03_heb_rav_clip_ynet-ediot-ahronot_al-congress,2,CLIP,
8109,congress_israel_haolami_2009-02,17239,2009-02-02_heb_rav_clip_hadashot_arutz1,2,CLIP,
8109,congress_israel_haolami_2009-02,17249,2009-02-09_heb_norav_clip_bb_we-are-all-one-family,2,CLIP,
8109,congress_israel_haolami_2009-02,17250,2009-02-09_heb_norav_clip_bb_al-congress,2,CLIP,
8109,congress_israel_haolami_2009-02,17252,2009-02-08_eng_rav_clip_bb_iba-news_al-congress,2,CLIP,
8109,congress_israel_haolami_2009-02,17334,2009-02-02_eng_norav_clip_galgalei-shinaim-kli-olami_congress-2009,2,CLIP,
8109,congress_israel_haolami_2009-02,17335,2009-02-03_heb_norav_clip_young-group_martin,2,CLIP,
8109,congress_israel_haolami_2009-02,17337,2009-02-02_eng_norav_clip_one-heart,2,CLIP,
8109,congress_israel_haolami_2009-02,17352,2009-02-04_heb_norav_clip-congress-israel-2009_song_galgaley-shinaim,3,,
8109,congress_israel_haolami_2009-02,17362,2009-02-02_heb_norav_clip-toronto_congress-israel-2009_song_next-generation,3,,
8109,congress_israel_haolami_2009-02,17644,2009-02-02_heb_norav_clip_bb_song_congress-israel-2009_ratzon-ehad_moti-mor,3,,
8109,congress_israel_haolami_2009-02,17645,2009-02-02_heb_norav_clip_bb_song_congress-israel-2009_yesh-lanu-shita_moti-mor,3,,
8109,congress_israel_haolami_2009-02,17805,2009-02-04_heb_norav_clip_yeladim_congress-israel-2009,2,CLIP,
8109,congress_israel_haolami_2009-02,19041,2009-02-04_heb_norav_song_congress-israel-2009_kli-olami_yeladim,3,,
8049,congress_spain_2011,28245,2011-06-03_heb_norav_program_congress_erev-tarbut,1,EVENT_PART,EREV_TARBUT
8049,congress_spain_2011,28247,2011-06-04_heb_norav_program_congress_yeshivat-haverim_n1,1,FRIENDS_GATHERING,
8049,congress_spain_2011,28248,2011-06-04_heb_norav_program_congress_yeshivat-haverim_n2,1,FRIENDS_GATHERING,
8049,congress_spain_2011,28250,2011-06-03_heb_norav_program_congress_tekes-ptiha,1,EVENT_PART,TEKES_PTIHA
8049,congress_spain_2011,28256,2011-06-05_heb_norav_program_congress_yeshivat-haverim_n3,1,FRIENDS_GATHERING,
8049,congress_spain_2011,28257,2011-06-04_heb_norav_program_congress_erev-tarbut,1,EVENT_PART,EREV_TARBUT
8098,congress_usa_new-jersey_2015,58971,2015-07-24_norav_program_congress_n2,1,FULL_LESSON,
8098,congress_usa_new-jersey_2015,58481,2015-07-24_norav_program_congress_yeshivat-haverim-0,1,FRIENDS_GATHERING,
8098,congress_usa_new-jersey_2015,58476,2015-07-24_norav_program_congress_achana-0,1,LESSON_PART,
8098,congress_usa_new-jersey_2015,58485,2015-07-24_norav_program_congress_yeshivat-haverim-1,1,FRIENDS_GATHERING,
8098,congress_usa_new-jersey_2015,58486,2015-07-24_norav_program_congress_yeshivat-haverim-2,1,FRIENDS_GATHERING,
8098,congress_usa_new-jersey_2015,58490,2015-07-24_norav_program_congress_yeshivat-haverim-3,1,FRIENDS_GATHERING,
8098,congress_usa_new-jersey_2015,58493,2015-07-24_norav_program_congress_yeshivat-haverim-4,1,FRIENDS_GATHERING,
8098,congress_usa_new-jersey_2015,58494,2015-07-24_norav_program_congress_yeshivat-haverim-5,1,FRIENDS_GATHERING,
8098,congress_usa_new-jersey_2015,58497,2015-07-24_norav_program_congress_yeshivat-haverim-6,1,FRIENDS_GATHERING,
8098,congress_usa_new-jersey_2015,58500,2015-07-24_norav_program_congress_yeshivat-haverim-7,1,FRIENDS_GATHERING,
8047,congress_romania_2015,59312,2015-09-04_norav_program_congress_sadna-1,1,LESSON_PART,
8047,congress_romania_2015,59311,2015-09-04_rav_program_congress_yeshivat-haverim-3-siha-rav,1,FRIENDS_GATHERING,
8047,congress_romania_2015,59310,2015-09-04_rav_program_congress_atzagat-sfarim,1,EVENT_PART,ATZAGAT_PROEKT
8047,congress_romania_2015,59305,2015-09-04_norav_program_congress_yeshivat-haverim-1,1,FRIENDS_GATHERING,
8047,congress_romania_2015,59307,2015-09-04_norav_program_congress_yeshivat-haverim-2,1,FRIENDS_GATHERING,
8047,congress_romania_2015,59309,2015-09-04_norav_program_congress_yeshivat-haverim-3,1,FRIENDS_GATHERING,
8047,congress_romania_2015,59314,2015-09-04_norav_program_congress_yeshivat-haverim-4,1,FRIENDS_GATHERING,
8047,congress_romania_2015,59315,2015-09-04_norav_program_congress_yeshivat-haverim-5,1,FRIENDS_GATHERING,
8047,congress_romania_2015,59334,2015-09-04_norav_program_congress_yeshivat-haverim-6,1,FRIENDS_GATHERING,
8047,congress_romania_2015,59345,2015-09-04_norav_program_congress_yeshivat-haverim-7,1,FRIENDS_GATHERING,
8008,congress_russia_moscow_2011-06,28332,2011-06-10_rus_rav_program_congress_tekes-ptiha,1,EVENT_PART,TEKES_PTIHA
8008,congress_russia_moscow_2011-06,28338,2011-06-11_mlt_norav_program_congress_yeshivat-haverim,1,FRIENDS_GATHERING,
8008,congress_russia_moscow_2011-06,28341,2011-06-12_mlt_rav_program_congress_tekes-sium,1,EVENT_PART,TEKES_SIYUM
8008,congress_russia_moscow_2011-06,28343,2011-06-12_mlt_norav_program_congress_yeshivat-haverim,1,FRIENDS_GATHERING,
8028,congress_brasil_2012,32639,2012-05-05_heb_rav_program_congress_sadna-2,1,LESSON_PART,
8028,congress_brasil_2012,32641,2012-05-05_heb_rav_program_congress_sadna-3,1,LESSON_PART,
8028,congress_brasil_2012,32642,2012-05-04_heb_norav_program_congress_sadna-1,1,LESSON_PART,
8028,congress_brasil_2012,32644,2012-05-06_heb_rav_program_congress_sadna-4,1,LESSON_PART,
8028,congress_brasil_2012,32645,2012-05-06_heb_rav_program_congress_sadna-5,1,LESSON_PART,
8028,congress_brasil_2012,32652,2012-05-06_heb_rav_program_congress_sadna-6,1,LESSON_PART,
8028,congress_brasil_2012,33104,2012-05-06_heb_norav_program_congress_erev-tarbut,1,EVENT_PART,EREV_TARBUT
8028,congress_brasil_2012,33105,2012-05-05_heb_rav_program_congress_erev-tarbut,1,EVENT_PART,EREV_TARBUT
8025,congress_mexico_2014,52502,2014-08-01_rav_program_congress_sadna-3,1,LESSON_PART,
8025,congress_mexico_2014,52570,2014-08-01_rav_program_congress_yeshivat-haverim-3,1,FRIENDS_GATHERING,
8025,congress_mexico_2014,52478,2014-08-01_rav_program_congress_sadna-2,1,LESSON_PART,
8024,congress_chile_2017,68781,2017-04-26_norav_program_congress_yeshivat-haverim-1,1,FRIENDS_GATHERING,
8024,congress_chile_2017,68784,2017-04-26_norav_program_congress_yeshivat-haverim-2,1,FRIENDS_GATHERING,
8024,congress_chile_2017,68788,2017-04-27_norav_program_congress_yeshivat-haverim-3,1,FRIENDS_GATHERING,
8024,congress_chile_2017,68792,2017-04-27_norav_program_congress_yeshivat-haverim-4,1,FRIENDS_GATHERING,
8024,congress_chile_2017,68794,2017-04-27_norav_program_congress_yeshivat-haverim-5,1,FRIENDS_GATHERING,
8024,congress_chile_2017,68802,2017-04-28_rav_congress_seudat-sikum,1,MEAL,
8087,congress_usa_new-york_2007-08,13142,2007-12-14_eng_rav_clip_ny_congress-2005,2,CLIP,
8110,congress_israel_haolami_2010-02,22147,2010-02-22_xx_mlt_rav_program_congress-2010_eshivat-haverim_n1,1,FRIENDS_GATHERING,
8110,congress_israel_haolami_2010-02,22149,2010-02-22_xx_heb_norav_program_congress-2010_erev-tarbut_n1,1,EVENT_PART,EREV_TARBUT
8110,congress_israel_haolami_2010-02,22153,2010-02-23_xx_mlt_rav_program_congress-2010_mazeget-afaza,1,EVENT_PART,ATZAGAT_PROEKT
8110,congress_israel_haolami_2010-02,22154,2010-02-23_xx_mlt_rav_program_congress-2010_yeshivat-haverim_n2,1,FRIENDS_GATHERING,
8110,congress_israel_haolami_2010-02,22155,2010-02-23_xx_heb_rav_program_congress-2010_presentation-66,1,EVENT_PART,ATZAGAT_PROEKT
8110,congress_israel_haolami_2010-02,22158,2010-02-23_xx_heb_norav_program_congress-2010_erev-tarbut_n2,1,EVENT_PART,EREV_TARBUT
8110,congress_israel_haolami_2010-02,22160,2010-02-24_xx_mlt_norav_program_congress-2010_yeshivat-haverim_n3,1,FRIENDS_GATHERING,
8110,congress_israel_haolami_2010-02,22161,2010-02-24_xx_heb_norav_program_congress-2010_mazeget-campus,1,EVENT_PART,ATZAGAT_PROEKT
8110,congress_israel_haolami_2010-02,22164,2010-02-24_xx_heb_norav_program_congress-2010_erev-tarbut_n3,1,EVENT_PART,EREV_TARBUT
8110,congress_israel_haolami_2010-02,22235,2010-02-23_heb_norav_song_congress-2010,3,,
8110,congress_israel_haolami_2010-02,22243,2010-02-22_heb_norav_song_congress-2010,3,,
8110,congress_israel_haolami_2010-02,22279,2010-02-22_heb_norav_program_congress-2010_hofaa_duhin,1,EVENT_PART,EVENT
8110,congress_israel_haolami_2010-02,22286,2010-02-22_heb_norav_song_congress-2010_tov-li-ra-li_duhin,3,,
8110,congress_israel_haolami_2010-02,22287,2010-02-22_heb_norav_song_congress-2010_ha-ahava-hi-ha-or_moti-mor,3,,
8110,congress_israel_haolami_2010-02,22288,2010-02-22_heb_norav_song_congress-2010_yom-holeh-ve-yom-ba_moti-mor,3,,
8110,congress_israel_haolami_2010-02,22289,2010-02-22_heb_norav_song_congress-2010_hayom-kulanu_moti-mor,3,,
8110,congress_israel_haolami_2010-02,22333,2010-02-23_heb_norav_clip_song_congress-2010_shamaim-ipathu,3,,
8110,congress_israel_haolami_2010-02,22555,2010-02-23_heb_norav_song_congress-2010_kadur_poreah,3,,
8110,congress_israel_haolami_2010-02,22556,2010-02-22_heb_norav_song_congress-2010_be-ota-sira_moti-mor,3,,
8110,congress_israel_haolami_2010-02,22557,2010-02-24_heb_norav_program_congress-2010_hofaa-dor-aharon,1,EVENT_PART,EVENT
8110,congress_israel_haolami_2010-02,22580,2010-02-22_heb_norav_song_congress-2010_yesh-od-ahava_moti-mor,3,,
8110,congress_israel_haolami_2010-02,22852,2010-02-24_heb_norav_song_congress-2010,3,,
8094,congress_usa_new-jersey_2011,27514,2011-03-30_heb_rav_lecture_kabbalah-hoveket-olam_symphonyspace,5,LECTURE,
8094,congress_usa_new-jersey_2011,27520,2011-04-01_eng_norav_program_hofaa_hilton-east-brunswick,1,EVENT_PART,EVENT
8094,congress_usa_new-jersey_2011,27530,2011-04-01_heb_norav_program_congress_erev-tarbut,1,EVENT_PART,EREV_TARBUT
8094,congress_usa_new-jersey_2011,27531,2011-04-01_heb_norav_program_congress_yeshivat-haverim,1,FRIENDS_GATHERING,
8094,congress_usa_new-jersey_2011,27532,2011-04-01_heb_rav_program_congress_tekes-ptiha,1,EVENT_PART,TEKES_PTIHA
8094,congress_usa_new-jersey_2011,27540,2011-04-03_heb_norav_program_congress_erev-tarbut,1,EVENT_PART,EREV_TARBUT
8094,congress_usa_new-jersey_2011,27543,2011-04-03_heb_norav_program_congress_yeshivat-haverim,1,FRIENDS_GATHERING,
8094,congress_usa_new-jersey_2011,27544,2011-04-03_heb_rav_program_congress_yeshivat-ahdut,1,EVENT_PART,EVENT
8032,congress_italy_2014,54165,2014-11-21_norav_lesson_sadna,4,LESSON_PART,
8032,congress_italy_2014,54170,2014-11-21_rav_program_congress_sadna-0,1,LESSON_PART,
8032,congress_italy_2014,54167,2014-11-21_norav_program_congress_yeshivat-haverim-1,1,FRIENDS_GATHERING,
8032,congress_italy_2014,54172,2014-11-21_norav_program_congress_yeshivat-haverim-2,1,FRIENDS_GATHERING,
8032,congress_italy_2014,54174,2014-11-21_norav_program_congress_yeshivat-haverim-3,1,FRIENDS_GATHERING,
8032,congress_italy_2014,54183,2014-11-21_rav_program_congress_sadna-1,1,LESSON_PART,
